"","Date","Total Confirmed New","Total Confirmed Cml","Total Deaths New","Total Deaths Cml","Total Recovered New","Total Recovered Cml","Province","No. of confirmed cases"
"1",2020-02-26,"2","2","","","","","Punjab",""
"2",2020-02-26,"2","2","","","","","Sindh","2"
"3",2020-02-26,"2","2","","","","","Khyber Pakhtunkhwa",""
"4",2020-02-26,"2","2","","","","","Balochistan",""
"5",2020-02-26,"2","2","","","","","Gilgit-Baltistan",""
"6",2020-02-26,"2","2","","","","","Azad Kashmir",""
"7",2020-02-26,"2","2","","","","","Islamabad",""
"8",2020-02-27,"0","2","","","","","Punjab",""
"9",2020-02-27,"0","2","","","","","Sindh",""
"10",2020-02-27,"0","2","","","","","Khyber Pakhtunkhwa",""
"11",2020-02-27,"0","2","","","","","Balochistan",""
"12",2020-02-27,"0","2","","","","","Gilgit-Baltistan",""
"13",2020-02-27,"0","2","","","","","Azad Kashmir",""
"14",2020-02-27,"0","2","","","","","Islamabad",""
"15",2020-02-28,"0","2","","","","","Punjab",""
"16",2020-02-28,"0","2","","","","","Sindh",""
"17",2020-02-28,"0","2","","","","","Khyber Pakhtunkhwa",""
"18",2020-02-28,"0","2","","","","","Balochistan",""
"19",2020-02-28,"0","2","","","","","Gilgit-Baltistan",""
"20",2020-02-28,"0","2","","","","","Azad Kashmir",""
"21",2020-02-28,"0","2","","","","","Islamabad",""
"22",2020-02-29,"2","4","","","","","Punjab",""
"23",2020-02-29,"2","4","","","","","Sindh","4"
"24",2020-02-29,"2","4","","","","","Khyber Pakhtunkhwa",""
"25",2020-02-29,"2","4","","","","","Balochistan",""
"26",2020-02-29,"2","4","","","","","Gilgit-Baltistan",""
"27",2020-02-29,"2","4","","","","","Azad Kashmir",""
"28",2020-02-29,"2","4","","","","","Islamabad",""
"29",2020-03-01,"0","4","","","","","Punjab",""
"30",2020-03-01,"0","4","","","","","Sindh",""
"31",2020-03-01,"0","4","","","","","Khyber Pakhtunkhwa",""
"32",2020-03-01,"0","4","","","","","Balochistan",""
"33",2020-03-01,"0","4","","","","","Gilgit-Baltistan",""
"34",2020-03-01,"0","4","","","","","Azad Kashmir",""
"35",2020-03-01,"0","4","","","","","Islamabad",""
"36",2020-03-02,"0","4","","","","","Punjab",""
"37",2020-03-02,"0","4","","","","","Sindh",""
"38",2020-03-02,"0","4","","","","","Khyber Pakhtunkhwa",""
"39",2020-03-02,"0","4","","","","","Balochistan",""
"40",2020-03-02,"0","4","","","","","Gilgit-Baltistan",""
"41",2020-03-02,"0","4","","","","","Azad Kashmir",""
"42",2020-03-02,"0","4","","","","","Islamabad",""
"43",2020-03-03,"1","5","","","","","Punjab",""
"44",2020-03-03,"1","5","","","","","Sindh",""
"45",2020-03-03,"1","5","","","","","Khyber Pakhtunkhwa",""
"46",2020-03-03,"1","5","","","","","Balochistan",""
"47",2020-03-03,"1","5","","","","","Gilgit-Baltistan","1"
"48",2020-03-03,"1","5","","","","","Azad Kashmir",""
"49",2020-03-03,"1","5","","","","","Islamabad",""
"50",2020-03-04,"0","5","","","","","Punjab",""
"51",2020-03-04,"0","5","","","","","Sindh",""
"52",2020-03-04,"0","5","","","","","Khyber Pakhtunkhwa",""
"53",2020-03-04,"0","5","","","","","Balochistan",""
"54",2020-03-04,"0","5","","","","","Gilgit-Baltistan",""
"55",2020-03-04,"0","5","","","","","Azad Kashmir",""
"56",2020-03-04,"0","5","","","","","Islamabad",""
"57",2020-03-05,"1","6","","","","","Punjab",""
"58",2020-03-05,"1","6","","","","","Sindh","5"
"59",2020-03-05,"1","6","","","","","Khyber Pakhtunkhwa",""
"60",2020-03-05,"1","6","","","","","Balochistan",""
"61",2020-03-05,"1","6","","","","","Gilgit-Baltistan",""
"62",2020-03-05,"1","6","","","","","Azad Kashmir",""
"63",2020-03-05,"1","6","","","","","Islamabad",""
"64",2020-03-06,"0","6","","","1","1","Punjab",""
"65",2020-03-06,"0","6","","","1","1","Sindh",""
"66",2020-03-06,"0","6","","","1","1","Khyber Pakhtunkhwa",""
"67",2020-03-06,"0","6","","","1","1","Balochistan",""
"68",2020-03-06,"0","6","","","1","1","Gilgit-Baltistan",""
"69",2020-03-06,"0","6","","","1","1","Azad Kashmir",""
"70",2020-03-06,"0","6","","","1","1","Islamabad",""
"71",2020-03-07,"0","6","","","0","1","Punjab",""
"72",2020-03-07,"0","6","","","0","1","Sindh",""
"73",2020-03-07,"0","6","","","0","1","Khyber Pakhtunkhwa",""
"74",2020-03-07,"0","6","","","0","1","Balochistan",""
"75",2020-03-07,"0","6","","","0","1","Gilgit-Baltistan",""
"76",2020-03-07,"0","6","","","0","1","Azad Kashmir",""
"77",2020-03-07,"0","6","","","0","1","Islamabad",""
"78",2020-03-08,"1","7","","","0","1","Punjab",""
"79",2020-03-08,"1","7","","","0","1","Sindh","6"
"80",2020-03-08,"1","7","","","0","1","Khyber Pakhtunkhwa",""
"81",2020-03-08,"1","7","","","0","1","Balochistan",""
"82",2020-03-08,"1","7","","","0","1","Gilgit-Baltistan",""
"83",2020-03-08,"1","7","","","0","1","Azad Kashmir",""
"84",2020-03-08,"1","7","","","0","1","Islamabad",""
"85",2020-03-09,"9","16","","","0","1","Punjab",""
"86",2020-03-09,"9","16","","","0","1","Sindh","9"
"87",2020-03-09,"9","16","","","0","1","Khyber Pakhtunkhwa",""
"88",2020-03-09,"9","16","","","0","1","Balochistan",""
"89",2020-03-09,"9","16","","","0","1","Gilgit-Baltistan",""
"90",2020-03-09,"9","16","","","0","1","Azad Kashmir",""
"91",2020-03-09,"9","16","","","0","1","Islamabad",""
"92",2020-03-10,"3","19","","","0","1","Punjab",""
"93",2020-03-10,"3","19","","","0","1","Sindh",""
"94",2020-03-10,"3","19","","","0","1","Khyber Pakhtunkhwa",""
"95",2020-03-10,"3","19","","","0","1","Balochistan","1"
"96",2020-03-10,"3","19","","","0","1","Gilgit-Baltistan","2"
"97",2020-03-10,"3","19","","","0","1","Azad Kashmir",""
"98",2020-03-10,"3","19","","","0","1","Islamabad","2"
"99",2020-03-11,"1","20","","","1","2","Punjab",""
"100",2020-03-11,"1","20","","","1","2","Sindh",""
"101",2020-03-11,"1","20","","","1","2","Khyber Pakhtunkhwa",""
"102",2020-03-11,"1","20","","","1","2","Balochistan",""
"103",2020-03-11,"1","20","","","1","2","Gilgit-Baltistan","3"
"104",2020-03-11,"1","20","","","1","2","Azad Kashmir",""
"105",2020-03-11,"1","20","","","1","2","Islamabad",""
"106",2020-03-12,"1","21","","","0","2","Punjab",""
"107",2020-03-12,"1","21","","","0","2","Sindh","15"
"108",2020-03-12,"1","21","","","0","2","Khyber Pakhtunkhwa",""
"109",2020-03-12,"1","21","","","0","2","Balochistan",""
"110",2020-03-12,"1","21","","","0","2","Gilgit-Baltistan",""
"111",2020-03-12,"1","21","","","0","2","Azad Kashmir",""
"112",2020-03-12,"1","21","","","0","2","Islamabad",""
"113",2020-03-13,"7","28","","","1","3","Punjab",""
"114",2020-03-13,"7","28","","","1","3","Sindh","16"
"115",2020-03-13,"7","28","","","1","3","Khyber Pakhtunkhwa",""
"116",2020-03-13,"7","28","","","1","3","Balochistan","6"
"117",2020-03-13,"7","28","","","1","3","Gilgit-Baltistan",""
"118",2020-03-13,"7","28","","","1","3","Azad Kashmir",""
"119",2020-03-13,"7","28","","","1","3","Islamabad",""
"120",2020-03-14,"3","31","","","0","3","Punjab",""
"121",2020-03-14,"3","31","","","0","3","Sindh","18"
"122",2020-03-14,"3","31","","","0","3","Khyber Pakhtunkhwa",""
"123",2020-03-14,"3","31","","","0","3","Balochistan",""
"124",2020-03-14,"3","31","","","0","3","Gilgit-Baltistan",""
"125",2020-03-14,"3","31","","","0","3","Azad Kashmir",""
"126",2020-03-14,"3","31","","","0","3","Islamabad","4"
"127",2020-03-15,"22","53","","","0","3","Punjab","1"
"128",2020-03-15,"22","53","","","0","3","Sindh","34"
"129",2020-03-15,"22","53","","","0","3","Khyber Pakhtunkhwa",""
"130",2020-03-15,"22","53","","","0","3","Balochistan","11"
"131",2020-03-15,"22","53","","","0","3","Gilgit-Baltistan",""
"132",2020-03-15,"22","53","","","0","3","Azad Kashmir",""
"133",2020-03-15,"22","53","","","0","3","Islamabad",""
"134",2020-03-16,"134","187","","","1","4","Punjab",""
"135",2020-03-16,"134","187","","","1","4","Sindh","150"
"136",2020-03-16,"134","187","","","1","4","Khyber Pakhtunkhwa","15"
"137",2020-03-16,"134","187","","","1","4","Balochistan","14"
"138",2020-03-16,"134","187","","","1","4","Gilgit-Baltistan",""
"139",2020-03-16,"134","187","","","1","4","Azad Kashmir",""
"140",2020-03-16,"134","187","","","1","4","Islamabad",""
"141",2020-03-17,"54","241","","","0","4","Punjab","26"
"142",2020-03-17,"54","241","","","0","4","Sindh","172"
"143",2020-03-17,"54","241","","","0","4","Khyber Pakhtunkhwa","17"
"144",2020-03-17,"54","241","","","0","4","Balochistan","15"
"145",2020-03-17,"54","241","","","0","4","Gilgit-Baltistan",""
"146",2020-03-17,"54","241","","","0","4","Azad Kashmir",""
"147",2020-03-17,"54","241","","","0","4","Islamabad","8"
"148",2020-03-18,"61","302","2","2","1","5","Punjab","33"
"149",2020-03-18,"61","302","2","2","1","5","Sindh","208"
"150",2020-03-18,"61","302","2","2","1","5","Khyber Pakhtunkhwa","19"
"151",2020-03-18,"61","302","2","2","1","5","Balochistan","23"
"152",2020-03-18,"61","302","2","2","1","5","Gilgit-Baltistan","13"
"153",2020-03-18,"61","302","2","2","1","5","Azad Kashmir","1"
"154",2020-03-18,"61","302","2","2","1","5","Islamabad","5[1]"
"155",2020-03-19,"159","461","0","2","0","5","Punjab","80"
"156",2020-03-19,"159","461","0","2","0","5","Sindh","245"
"157",2020-03-19,"159","461","0","2","0","5","Khyber Pakhtunkhwa","23"
"158",2020-03-19,"159","461","0","2","0","5","Balochistan","81"
"159",2020-03-19,"159","461","0","2","0","5","Gilgit-Baltistan","21"
"160",2020-03-19,"159","461","0","2","0","5","Azad Kashmir",""
"161",2020-03-19,"159","461","0","2","0","5","Islamabad","10"
"162",2020-03-20,"34","495","1","3","0","5","Punjab","96"
"163",2020-03-20,"34","495","1","3","0","5","Sindh","253"
"164",2020-03-20,"34","495","1","3","0","5","Khyber Pakhtunkhwa",""
"165",2020-03-20,"34","495","1","3","0","5","Balochistan",""
"166",2020-03-20,"34","495","1","3","0","5","Gilgit-Baltistan","30"
"167",2020-03-20,"34","495","1","3","0","5","Azad Kashmir",""
"168",2020-03-20,"34","495","1","3","0","5","Islamabad","11"
"169",2020-03-21,"151","646","0","3","0","5","Punjab","152"
"170",2020-03-21,"151","646","0","3","0","5","Sindh","292"
"171",2020-03-21,"151","646","0","3","0","5","Khyber Pakhtunkhwa","31"
"172",2020-03-21,"151","646","0","3","0","5","Balochistan","104"
"173",2020-03-21,"151","646","0","3","0","5","Gilgit-Baltistan","55"
"174",2020-03-21,"151","646","0","3","0","5","Azad Kashmir",""
"175",2020-03-21,"151","646","0","3","0","5","Islamabad","11"
"176",2020-03-22,"138","784","2","5","1","6","Punjab","225"
"177",2020-03-22,"138","784","2","5","1","6","Sindh","333"
"178",2020-03-22,"138","784","2","5","1","6","Khyber Pakhtunkhwa",""
"179",2020-03-22,"138","784","2","5","1","6","Balochistan","108"
"180",2020-03-22,"138","784","2","5","1","6","Gilgit-Baltistan","71"
"181",2020-03-22,"138","784","2","5","1","6","Azad Kashmir",""
"182",2020-03-22,"138","784","2","5","1","6","Islamabad","15"
"183",2020-03-23,"103","887","1","6","0","6","Punjab","249"
"184",2020-03-23,"103","887","1","6","0","6","Sindh","394"
"185",2020-03-23,"103","887","1","6","0","6","Khyber Pakhtunkhwa","38"
"186",2020-03-23,"103","887","1","6","0","6","Balochistan","110"
"187",2020-03-23,"103","887","1","6","0","6","Gilgit-Baltistan","80"
"188",2020-03-23,"103","887","1","6","0","6","Azad Kashmir",""
"189",2020-03-23,"103","887","1","6","0","6","Islamabad",""
"190",2020-03-24,"104","991","1","7","12","18","Punjab","296"
"191",2020-03-24,"104","991","1","7","12","18","Sindh","407"
"192",2020-03-24,"104","991","1","7","12","18","Khyber Pakhtunkhwa","78"
"193",2020-03-24,"104","991","1","7","12","18","Balochistan",""
"194",2020-03-24,"104","991","1","7","12","18","Gilgit-Baltistan","81"
"195",2020-03-24,"104","991","1","7","12","18","Azad Kashmir",""
"196",2020-03-24,"104","991","1","7","12","18","Islamabad","18"
"197",2020-03-25,"66","1,057","1","8","3","21","Punjab","323"
"198",2020-03-25,"66","1,057","1","8","3","21","Sindh","413"
"199",2020-03-25,"66","1,057","1","8","3","21","Khyber Pakhtunkhwa","80"
"200",2020-03-25,"66","1,057","1","8","3","21","Balochistan","131"
"201",2020-03-25,"66","1,057","1","8","3","21","Gilgit-Baltistan","83"
"202",2020-03-25,"66","1,057","1","8","3","21","Azad Kashmir",""
"203",2020-03-25,"66","1,057","1","8","3","21","Islamabad","25"
"204",2020-03-26,"140","1,197","1","9","2","23","Punjab","408"
"205",2020-03-26,"140","1,197","1","9","2","23","Sindh","417"
"206",2020-03-26,"140","1,197","1","9","2","23","Khyber Pakhtunkhwa","123"
"207",2020-03-26,"140","1,197","1","9","2","23","Balochistan",""
"208",2020-03-26,"140","1,197","1","9","2","23","Gilgit-Baltistan","91"
"209",2020-03-26,"140","1,197","1","9","2","23","Azad Kashmir","2"
"210",2020-03-26,"140","1,197","1","9","2","23","Islamabad",""
"211",2020-03-27,"211","1,408","2","11","3","26","Punjab","490"
"212",2020-03-27,"211","1,408","2","11","3","26","Sindh","457"
"213",2020-03-27,"211","1,408","2","11","3","26","Khyber Pakhtunkhwa","180"
"214",2020-03-27,"211","1,408","2","11","3","26","Balochistan","133"
"215",2020-03-27,"211","1,408","2","11","3","26","Gilgit-Baltistan","107"
"216",2020-03-27,"211","1,408","2","11","3","26","Azad Kashmir",""
"217",2020-03-27,"211","1,408","2","11","3","26","Islamabad","39"
"218",2020-03-28,"118","1,526","2","13","2","28","Punjab","558"
"219",2020-03-28,"118","1,526","2","13","2","28","Sindh","481"
"220",2020-03-28,"118","1,526","2","13","2","28","Khyber Pakhtunkhwa","188"
"221",2020-03-28,"118","1,526","2","13","2","28","Balochistan","138"
"222",2020-03-28,"118","1,526","2","13","2","28","Gilgit-Baltistan","116"
"223",2020-03-28,"118","1,526","2","13","2","28","Azad Kashmir",""
"224",2020-03-28,"118","1,526","2","13","2","28","Islamabad","43"
"225",2020-03-29,"99","1,625","5","18","4","32","Punjab","593"
"226",2020-03-29,"99","1,625","5","18","4","32","Sindh","508"
"227",2020-03-29,"99","1,625","5","18","4","32","Khyber Pakhtunkhwa","195"
"228",2020-03-29,"99","1,625","5","18","4","32","Balochistan","144"
"229",2020-03-29,"99","1,625","5","18","4","32","Gilgit-Baltistan","128"
"230",2020-03-29,"99","1,625","5","18","4","32","Azad Kashmir","6"
"231",2020-03-29,"99","1,625","5","18","4","32","Islamabad","51"
"232",2020-03-30,"240","1,865","7","25","26","58","Punjab","652"
"233",2020-03-30,"240","1,865","7","25","26","58","Sindh","627"
"234",2020-03-30,"240","1,865","7","25","26","58","Khyber Pakhtunkhwa","221"
"235",2020-03-30,"240","1,865","7","25","26","58","Balochistan","153"
"236",2020-03-30,"240","1,865","7","25","26","58","Gilgit-Baltistan","148"
"237",2020-03-30,"240","1,865","7","25","26","58","Azad Kashmir",""
"238",2020-03-30,"240","1,865","7","25","26","58","Islamabad","58"
"239",2020-03-31,"174","2,039","1","26","24","82","Punjab","708"
"240",2020-03-31,"174","2,039","1","26","24","82","Sindh","676"
"241",2020-03-31,"174","2,039","1","26","24","82","Khyber Pakhtunkhwa","253"
"242",2020-03-31,"174","2,039","1","26","24","82","Balochistan","158"
"243",2020-03-31,"174","2,039","1","26","24","82","Gilgit-Baltistan","184"
"244",2020-03-31,"174","2,039","1","26","24","82","Azad Kashmir",""
"245",2020-03-31,"174","2,039","1","26","24","82","Islamabad","54[2]"
"246",2020-04-01,"252","2,291","5","31","25","107","Punjab","845"
"247",2020-04-01,"252","2,291","5","31","25","107","Sindh","743"
"248",2020-04-01,"252","2,291","5","31","25","107","Khyber Pakhtunkhwa","276"
"249",2020-04-01,"252","2,291","5","31","25","107","Balochistan","169"
"250",2020-04-01,"252","2,291","5","31","25","107","Gilgit-Baltistan","187"
"251",2020-04-01,"252","2,291","5","31","25","107","Azad Kashmir","9"
"252",2020-04-01,"252","2,291","5","31","25","107","Islamabad","62"
"253",2020-04-02,"159","2,450","4","35","19","126","Punjab","920"
"254",2020-04-02,"159","2,450","4","35","19","126","Sindh","783"
"255",2020-04-02,"159","2,450","4","35","19","126","Khyber Pakhtunkhwa","311"
"256",2020-04-02,"159","2,450","4","35","19","126","Balochistan",""
"257",2020-04-02,"159","2,450","4","35","19","126","Gilgit-Baltistan","190"
"258",2020-04-02,"159","2,450","4","35","19","126","Azad Kashmir",""
"259",2020-04-02,"159","2,450","4","35","19","126","Islamabad","68"
"260",2020-04-03,"190","2,640","1","36","0","126","Punjab","1,069"
"261",2020-04-03,"190","2,640","1","36","0","126","Sindh",""
"262",2020-04-03,"190","2,640","1","36","0","126","Khyber Pakhtunkhwa","343"
"263",2020-04-03,"190","2,640","1","36","0","126","Balochistan","175"
"264",2020-04-03,"190","2,640","1","36","0","126","Gilgit-Baltistan","193"
"265",2020-04-03,"190","2,640","1","36","0","126","Azad Kashmir",""
"266",2020-04-03,"190","2,640","1","36","0","126","Islamabad",""
"267",2020-04-04,"178","2,818","5","41","5","131","Punjab","1,131"
"268",2020-04-04,"178","2,818","5","41","5","131","Sindh","839"
"269",2020-04-04,"178","2,818","5","41","5","131","Khyber Pakhtunkhwa","383"
"270",2020-04-04,"178","2,818","5","41","5","131","Balochistan","185"
"271",2020-04-04,"178","2,818","5","41","5","131","Gilgit-Baltistan",""
"272",2020-04-04,"178","2,818","5","41","5","131","Azad Kashmir","12"
"273",2020-04-04,"178","2,818","5","41","5","131","Islamabad","75"
"274",2020-04-05,"244","3,062","4","45","39","170","Punjab","1,319"
"275",2020-04-05,"244","3,062","4","45","39","170","Sindh","881"
"276",2020-04-05,"244","3,062","4","45","39","170","Khyber Pakhtunkhwa","372[3]"
"277",2020-04-05,"244","3,062","4","45","39","170","Balochistan","192"
"278",2020-04-05,"244","3,062","4","45","39","170","Gilgit-Baltistan","206"
"279",2020-04-05,"244","3,062","4","45","39","170","Azad Kashmir","14"
"280",2020-04-05,"244","3,062","4","45","39","170","Islamabad","78"
"281",2020-04-06,"494","3,556","6","51","89","259","Punjab","1,708"
"282",2020-04-06,"494","3,556","6","51","89","259","Sindh","932"
"283",2020-04-06,"494","3,556","6","51","89","259","Khyber Pakhtunkhwa","405"
"284",2020-04-06,"494","3,556","6","51","89","259","Balochistan","202"
"285",2020-04-06,"494","3,556","6","51","89","259","Gilgit-Baltistan","211"
"286",2020-04-06,"494","3,556","6","51","89","259","Azad Kashmir","16"
"287",2020-04-06,"494","3,556","6","51","89","259","Islamabad","82"
"288",2020-04-07,"449","4,005","4","55","170","429","Punjab","2,004"
"289",2020-04-07,"449","4,005","4","55","170","429","Sindh","986"
"290",2020-04-07,"449","4,005","4","55","170","429","Khyber Pakhtunkhwa","500"
"291",2020-04-07,"449","4,005","4","55","170","429","Balochistan",""
"292",2020-04-07,"449","4,005","4","55","170","429","Gilgit-Baltistan",""
"293",2020-04-07,"449","4,005","4","55","170","429","Azad Kashmir","19"
"294",2020-04-07,"449","4,005","4","55","170","429","Islamabad","83"
"295",2020-04-08,"202","4,207","6","61","38","467","Punjab","2,108"
"296",2020-04-08,"202","4,207","6","61","38","467","Sindh","1,036"
"297",2020-04-08,"202","4,207","6","61","38","467","Khyber Pakhtunkhwa","527"
"298",2020-04-08,"202","4,207","6","61","38","467","Balochistan","212"
"299",2020-04-08,"202","4,207","6","61","38","467","Gilgit-Baltistan","213"
"300",2020-04-08,"202","4,207","6","61","38","467","Azad Kashmir","28"
"301",2020-04-08,"202","4,207","6","61","38","467","Islamabad",""
"302",2020-04-09,"282","4,489","2","63","105","572","Punjab","2,241"
"303",2020-04-09,"282","4,489","2","63","105","572","Sindh","1,128"
"304",2020-04-09,"282","4,489","2","63","105","572","Khyber Pakhtunkhwa","560"
"305",2020-04-09,"282","4,489","2","63","105","572","Balochistan",""
"306",2020-04-09,"282","4,489","2","63","105","572","Gilgit-Baltistan",""
"307",2020-04-09,"282","4,489","2","63","105","572","Azad Kashmir","33"
"308",2020-04-09,"282","4,489","2","63","105","572","Islamabad","102"
"309",2020-04-10,"206","4,695","3","66","155","727","Punjab","2,287"
"310",2020-04-10,"206","4,695","3","66","155","727","Sindh","1,214"
"311",2020-04-10,"206","4,695","3","66","155","727","Khyber Pakhtunkhwa","620"
"312",2020-04-10,"206","4,695","3","66","155","727","Balochistan","219"
"313",2020-04-10,"206","4,695","3","66","155","727","Gilgit-Baltistan","215"
"314",2020-04-10,"206","4,695","3","66","155","727","Azad Kashmir",""
"315",2020-04-10,"206","4,695","3","66","155","727","Islamabad","107"
"316",2020-04-11,"316","5,011","20","86","35","762","Punjab","2,414"
"317",2020-04-11,"316","5,011","20","86","35","762","Sindh","1,318"
"318",2020-04-11,"316","5,011","20","86","35","762","Khyber Pakhtunkhwa","697"
"319",2020-04-11,"316","5,011","20","86","35","762","Balochistan","220"
"320",2020-04-11,"316","5,011","20","86","35","762","Gilgit-Baltistan",""
"321",2020-04-11,"316","5,011","20","86","35","762","Azad Kashmir","34"
"322",2020-04-11,"316","5,011","20","86","35","762","Islamabad","113"
"323",2020-04-12,"219","5,230","5","91","266","1,028","Punjab","2,464"
"324",2020-04-12,"219","5,230","5","91","266","1,028","Sindh","1,411"
"325",2020-04-12,"219","5,230","5","91","266","1,028","Khyber Pakhtunkhwa","744"
"326",2020-04-12,"219","5,230","5","91","266","1,028","Balochistan","228"
"327",2020-04-12,"219","5,230","5","91","266","1,028","Gilgit-Baltistan","224"
"328",2020-04-12,"219","5,230","5","91","266","1,028","Azad Kashmir","40"
"329",2020-04-12,"219","5,230","5","91","266","1,028","Islamabad","119"
"330",2020-04-13,"266","5,496","2","93","69","1,097","Punjab","2,672"
"331",2020-04-13,"266","5,496","2","93","69","1,097","Sindh","1,452"
"332",2020-04-13,"266","5,496","2","93","69","1,097","Khyber Pakhtunkhwa",""
"333",2020-04-13,"266","5,496","2","93","69","1,097","Balochistan","230"
"334",2020-04-13,"266","5,496","2","93","69","1,097","Gilgit-Baltistan",""
"335",2020-04-13,"266","5,496","2","93","69","1,097","Azad Kashmir","43"
"336",2020-04-13,"266","5,496","2","93","69","1,097","Islamabad","131"
"337",2020-04-14,"341","5,837","3","96","281","1,378","Punjab","2,881"
"338",2020-04-14,"341","5,837","3","96","281","1,378","Sindh","1,518"
"339",2020-04-14,"341","5,837","3","96","281","1,378","Khyber Pakhtunkhwa","800"
"340",2020-04-14,"341","5,837","3","96","281","1,378","Balochistan","231"
"341",2020-04-14,"341","5,837","3","96","281","1,378","Gilgit-Baltistan","233"
"342",2020-04-14,"341","5,837","3","96","281","1,378","Azad Kashmir",""
"343",2020-04-14,"341","5,837","3","96","281","1,378","Islamabad",""
"344",2020-04-15,"546","6,383","15","111","68","1,446","Punjab","3,143"
"345",2020-04-15,"546","6,383","15","111","68","1,446","Sindh","1,668"
"346",2020-04-15,"546","6,383","15","111","68","1,446","Khyber Pakhtunkhwa","912"
"347",2020-04-15,"546","6,383","15","111","68","1,446","Balochistan","240"
"348",2020-04-15,"546","6,383","15","111","68","1,446","Gilgit-Baltistan","234"
"349",2020-04-15,"546","6,383","15","111","68","1,446","Azad Kashmir","46"
"350",2020-04-15,"546","6,383","15","111","68","1,446","Islamabad","140"
"351",2020-04-16,"536","6,919","17","128","199","1,645","Punjab","3,291"
"352",2020-04-16,"536","6,919","17","128","199","1,645","Sindh","2,008"
"353",2020-04-16,"536","6,919","17","128","199","1,645","Khyber Pakhtunkhwa",""
"354",2020-04-16,"536","6,919","17","128","199","1,645","Balochistan","280"
"355",2020-04-16,"536","6,919","17","128","199","1,645","Gilgit-Baltistan","237"
"356",2020-04-16,"536","6,919","17","128","199","1,645","Azad Kashmir",""
"357",2020-04-16,"536","6,919","17","128","199","1,645","Islamabad","145"
"358",2020-04-17,"106","7,025","7","135","120","1,765","Punjab","3,276[4]"
"359",2020-04-17,"106","7,025","7","135","120","1,765","Sindh",""
"360",2020-04-17,"106","7,025","7","135","120","1,765","Khyber Pakhtunkhwa","993"
"361",2020-04-17,"106","7,025","7","135","120","1,765","Balochistan","303"
"362",2020-04-17,"106","7,025","7","135","120","1,765","Gilgit-Baltistan","245"
"363",2020-04-17,"106","7,025","7","135","120","1,765","Azad Kashmir",""
"364",2020-04-17,"106","7,025","7","135","120","1,765","Islamabad","154"
"365",2020-04-18,"613","7,638","9","144","67","1,832","Punjab","3,410"
"366",2020-04-18,"613","7,638","9","144","67","1,832","Sindh","2,335"
"367",2020-04-18,"613","7,638","9","144","67","1,832","Khyber Pakhtunkhwa","1,077"
"368",2020-04-18,"613","7,638","9","144","67","1,832","Balochistan","335"
"369",2020-04-18,"613","7,638","9","144","67","1,832","Gilgit-Baltistan","250"
"370",2020-04-18,"613","7,638","9","144","67","1,832","Azad Kashmir","48"
"371",2020-04-18,"613","7,638","9","144","67","1,832","Islamabad","163"
"372",2020-04-19,"710","8,348","24","168","36","1,868","Punjab","3,822"
"373",2020-04-19,"710","8,348","24","168","36","1,868","Sindh","2,537"
"374",2020-04-19,"710","8,348","24","168","36","1,868","Khyber Pakhtunkhwa","1,137"
"375",2020-04-19,"710","8,348","24","168","36","1,868","Balochistan","376"
"376",2020-04-19,"710","8,348","24","168","36","1,868","Gilgit-Baltistan","257"
"377",2020-04-19,"710","8,348","24","168","36","1,868","Azad Kashmir",""
"378",2020-04-19,"710","8,348","24","168","36","1,868","Islamabad","171"
"379",2020-04-20,"70","8,418","8","176","102","1,970","Punjab","3,721[5]"
"380",2020-04-20,"70","8,418","8","176","102","1,970","Sindh",""
"381",2020-04-20,"70","8,418","8","176","102","1,970","Khyber Pakhtunkhwa","1,235"
"382",2020-04-20,"70","8,418","8","176","102","1,970","Balochistan","432"
"383",2020-04-20,"70","8,418","8","176","102","1,970","Gilgit-Baltistan","263"
"384",2020-04-20,"70","8,418","8","176","102","1,970","Azad Kashmir","49"
"385",2020-04-20,"70","8,418","8","176","102","1,970","Islamabad","181"
"386",2020-04-21,"1,147","9,565","25","201","103","2,073","Punjab","4,255"
"387",2020-04-21,"1,147","9,565","25","201","103","2,073","Sindh","3,052"
"388",2020-04-21,"1,147","9,565","25","201","103","2,073","Khyber Pakhtunkhwa","1,276"
"389",2020-04-21,"1,147","9,565","25","201","103","2,073","Balochistan","465"
"390",2020-04-21,"1,147","9,565","25","201","103","2,073","Gilgit-Baltistan","281"
"391",2020-04-21,"1,147","9,565","25","201","103","2,073","Azad Kashmir","51"
"392",2020-04-21,"1,147","9,565","25","201","103","2,073","Islamabad","185"
"393",2020-04-22,"511","10,076","11","212","83","2,156","Punjab","4,328"
"394",2020-04-22,"511","10,076","11","212","83","2,156","Sindh","3,373"
"395",2020-04-22,"511","10,076","11","212","83","2,156","Khyber Pakhtunkhwa","1,345"
"396",2020-04-22,"511","10,076","11","212","83","2,156","Balochistan","495"
"397",2020-04-22,"511","10,076","11","212","83","2,156","Gilgit-Baltistan","290"
"398",2020-04-22,"511","10,076","11","212","83","2,156","Azad Kashmir",""
"399",2020-04-22,"511","10,076","11","212","83","2,156","Islamabad","194"
"400",2020-04-23,"981","11,057","23","235","181","2,337","Punjab","4,767"
"401",2020-04-23,"981","11,057","23","235","181","2,337","Sindh","3,671"
"402",2020-04-23,"981","11,057","23","235","181","2,337","Khyber Pakhtunkhwa","1,453"
"403",2020-04-23,"981","11,057","23","235","181","2,337","Balochistan","607"
"404",2020-04-23,"981","11,057","23","235","181","2,337","Gilgit-Baltistan",""
"405",2020-04-23,"981","11,057","23","235","181","2,337","Azad Kashmir","55"
"406",2020-04-23,"981","11,057","23","235","181","2,337","Islamabad","214"
"407",2020-04-24,"884","11,940","18","253","438","2,775","Punjab","5,046"
"408",2020-04-24,"884","11,940","18","253","438","2,775","Sindh","3,945"
"409",2020-04-24,"884","11,940","18","253","438","2,775","Khyber Pakhtunkhwa","1,708"
"410",2020-04-24,"884","11,940","18","253","438","2,775","Balochistan","656"
"411",2020-04-24,"884","11,940","18","253","438","2,775","Gilgit-Baltistan","307"
"412",2020-04-24,"884","11,940","18","253","438","2,775","Azad Kashmir",""
"413",2020-04-24,"884","11,940","18","253","438","2,775","Islamabad","223"
"414",2020-04-25,"783","12,723","16","269","91","2,866","Punjab","5,378"
"415",2020-04-25,"783","12,723","16","269","91","2,866","Sindh","4,232"
"416",2020-04-25,"783","12,723","16","269","91","2,866","Khyber Pakhtunkhwa","1,793"
"417",2020-04-25,"783","12,723","16","269","91","2,866","Balochistan","722"
"418",2020-04-25,"783","12,723","16","269","91","2,866","Gilgit-Baltistan","308"
"419",2020-04-25,"783","12,723","16","269","91","2,866","Azad Kashmir",""
"420",2020-04-25,"783","12,723","16","269","91","2,866","Islamabad","235"
"421",2020-04-26,"605","13,328","12","281","163","3,029","Punjab","5,446"
"422",2020-04-26,"605","13,328","12","281","163","3,029","Sindh","4,615"
"423",2020-04-26,"605","13,328","12","281","163","3,029","Khyber Pakhtunkhwa","1,864"
"424",2020-04-26,"605","13,328","12","281","163","3,029","Balochistan","781"
"425",2020-04-26,"605","13,328","12","281","163","3,029","Gilgit-Baltistan","318"
"426",2020-04-26,"605","13,328","12","281","163","3,029","Azad Kashmir","59"
"427",2020-04-26,"605","13,328","12","281","163","3,029","Islamabad","245"
