"","city_province","number_of_cases","notes","edit_date","discharged","deaths"
"1","Binh Thuan",4,NA,"20:55, 11 March 2020",NA,NA
"2","Da Nang",3,NA,"20:55, 11 March 2020",NA,NA
"3","Hanoi",5,NA,"20:55, 11 March 2020",NA,NA
"4","Ho Chi Minh City",4,NA,"20:55, 11 March 2020",NA,NA
"5","Quang Nam",2,NA,"20:55, 11 March 2020",NA,NA
"6","Quang Ninh",4,NA,"20:55, 11 March 2020",NA,NA
"7","Khanh Hoa",1,NA,"20:55, 11 March 2020",NA,NA
"8","Lao Cai",2,NA,"20:55, 11 March 2020",NA,NA
"9","Ninh Binh",1,NA,"20:55, 11 March 2020",NA,NA
"10","Thanh Hoa",1,NA,"20:55, 11 March 2020",NA,NA
"11","Thua Thien Hue",1,NA,"20:55, 11 March 2020",NA,NA
"12","Vinh Phuc",11,NA,"20:55, 11 March 2020",NA,NA
"13","12 cities and provinces",39,NA,"20:55, 11 March 2020",NA,NA
"14","Binh Thuan",9,NA,"23:19, 12 March 2020",NA,NA
"15","Da Nang",3,NA,"23:19, 12 March 2020",NA,NA
"16","Hanoi",5,NA,"23:19, 12 March 2020",NA,NA
"17","Ho Chi Minh City",4,NA,"23:19, 12 March 2020",NA,NA
"18","Quang Nam",2,NA,"23:19, 12 March 2020",NA,NA
"19","Quang Ninh",4,NA,"23:19, 12 March 2020",NA,NA
"20","Khanh Hoa",1,NA,"23:19, 12 March 2020",NA,NA
"21","Lao Cai",2,NA,"23:19, 12 March 2020",NA,NA
"22","Ninh Binh",1,NA,"23:19, 12 March 2020",NA,NA
"23","Thanh Hoa",1,NA,"23:19, 12 March 2020",NA,NA
"24","Thua Thien Hue",1,NA,"23:19, 12 March 2020",NA,NA
"25","Vinh Phuc",11,NA,"23:19, 12 March 2020",NA,NA
"26","12 cities and provinces",44,NA,"23:19, 12 March 2020",NA,NA
"27","Binh Thuan",9,NA,"13:02, 13 March 2020",NA,NA
"28","Da Nang",3,NA,"13:02, 13 March 2020",NA,NA
"29","Hanoi",7,NA,"13:02, 13 March 2020",NA,NA
"30","Ho Chi Minh City",5,NA,"13:02, 13 March 2020",NA,NA
"31","Quang Nam",2,NA,"13:02, 13 March 2020",NA,NA
"32","Quang Ninh",4,NA,"13:02, 13 March 2020",NA,NA
"33","Khanh Hoa",1,NA,"13:02, 13 March 2020",NA,NA
"34","Lao Cai",2,NA,"13:02, 13 March 2020",NA,NA
"35","Ninh Binh",1,NA,"13:02, 13 March 2020",NA,NA
"36","Thanh Hoa",1,NA,"13:02, 13 March 2020",NA,NA
"37","Thua Thien Hue",1,NA,"13:02, 13 March 2020",NA,NA
"38","Vinh Phuc",11,NA,"13:02, 13 March 2020",NA,NA
"39","12 cities and provinces",47,NA,"13:02, 13 March 2020",NA,NA
"40","Binh Thuan",9,NA,"23:27, 14 March 2020",NA,NA
"41","Da Nang",3,NA,"23:27, 14 March 2020",NA,NA
"42","Hanoi",9,NA,"23:27, 14 March 2020",NA,NA
"43","Ho Chi Minh City",7,NA,"23:27, 14 March 2020",NA,NA
"44","Quang Nam",2,NA,"23:27, 14 March 2020",NA,NA
"45","Quang Ninh",5,NA,"23:27, 14 March 2020",NA,NA
"46","Khanh Hoa",1,NA,"23:27, 14 March 2020",NA,NA
"47","Lao Cai",2,NA,"23:27, 14 March 2020",NA,NA
"48","Ninh Binh",1,NA,"23:27, 14 March 2020",NA,NA
"49","Thanh Hoa",1,NA,"23:27, 14 March 2020",NA,NA
"50","Thua Thien Hue",2,NA,"23:27, 14 March 2020",NA,NA
"51","Vinh Phuc",11,NA,"23:27, 14 March 2020",NA,NA
"52","12 cities and provinces",53,NA,"23:27, 14 March 2020",NA,NA
"53","Binh Thuan",9,NA,"17:57, 15 March 2020",NA,NA
"54","Da Nang",3,NA,"17:57, 15 March 2020",NA,NA
"55","Hanoi",11,NA,"17:57, 15 March 2020",NA,NA
"56","Ho Chi Minh City",8,NA,"17:57, 15 March 2020",NA,NA
"57","Quang Nam",3,NA,"17:57, 15 March 2020",NA,NA
"58","Quang Ninh",5,NA,"17:57, 15 March 2020",NA,NA
"59","Khanh Hoa",1,NA,"17:57, 15 March 2020",NA,NA
"60","Lao Cai",2,NA,"17:57, 15 March 2020",NA,NA
"61","Ninh Binh",1,NA,"17:57, 15 March 2020",NA,NA
"62","Thanh Hoa",1,NA,"17:57, 15 March 2020",NA,NA
"63","Thua Thien Hue",2,NA,"17:57, 15 March 2020",NA,NA
"64","Vinh Phuc",11,NA,"17:57, 15 March 2020",NA,NA
"65","12 cities and provinces",57,NA,"17:57, 15 March 2020",NA,NA
"66","Binh Thuan",9,NA,"14:23, 16 March 2020",NA,NA
"67","Da Nang",3,NA,"14:23, 16 March 2020",NA,NA
"68","Hanoi",14,NA,"14:23, 16 March 2020",NA,NA
"69","Ho Chi Minh City",8,NA,"14:23, 16 March 2020",NA,NA
"70","Quang Nam",3,NA,"14:23, 16 March 2020",NA,NA
"71","Quang Ninh",5,NA,"14:23, 16 March 2020",NA,NA
"72","Khanh Hoa",1,NA,"14:23, 16 March 2020",NA,NA
"73","Lao Cai",2,NA,"14:23, 16 March 2020",NA,NA
"74","Ninh Binh",1,NA,"14:23, 16 March 2020",NA,NA
"75","Ninh Thuan",1,NA,"14:23, 16 March 2020",NA,NA
"76","Thanh Hoa",1,NA,"14:23, 16 March 2020",NA,NA
"77","Thua Thien Hue",2,NA,"14:23, 16 March 2020",NA,NA
"78","Vinh Phuc",11,NA,"14:23, 16 March 2020",NA,NA
"79","13 cities and provinces",61,NA,"14:23, 16 March 2020",NA,NA
"80","Binh Thuan",9,NA,"13:37, 17 March 2020",NA,NA
"81","Da Nang",3,NA,"13:37, 17 March 2020",NA,NA
"82","Hanoi",17,NA,"13:37, 17 March 2020",NA,NA
"83","Ho Chi Minh City",14,NA,"13:37, 17 March 2020",NA,NA
"84","Quang Nam",3,NA,"13:37, 17 March 2020",NA,NA
"85","Quang Ninh",6,NA,"13:37, 17 March 2020",NA,NA
"86","Khanh Hoa",1,NA,"13:37, 17 March 2020",NA,NA
"87","Lao Cai",2,NA,"13:37, 17 March 2020",NA,NA
"88","Ninh Binh",1,NA,"13:37, 17 March 2020",NA,NA
"89","Ninh Thuan",1,NA,"13:37, 17 March 2020",NA,NA
"90","Thanh Hoa",1,NA,"13:37, 17 March 2020",NA,NA
"91","Thua Thien Hue",2,NA,"13:37, 17 March 2020",NA,NA
"92","Vinh Phuc",11,NA,"13:37, 17 March 2020",NA,NA
"93","13 cities and provinces",66,NA,"13:37, 17 March 2020",NA,NA
"94","Bac Ninh",1,NA,"15:39, 18 March 2020",NA,NA
"95","Binh Thuan",9,NA,"15:39, 18 March 2020",NA,NA
"96","Da Nang",4,NA,"15:39, 18 March 2020",NA,NA
"97","Hai Duong",1,NA,"15:39, 18 March 2020",NA,NA
"98","Hanoi",22,NA,"15:39, 18 March 2020",NA,NA
"99","Ho Chi Minh City",15,NA,"15:39, 18 March 2020",NA,NA
"100","Quang Nam",3,NA,"15:39, 18 March 2020",NA,NA
"101","Quang Ninh",6,NA,"15:39, 18 March 2020",NA,NA
"102","Khanh Hoa",1,NA,"15:39, 18 March 2020",NA,NA
"103","Lao Cai",2,NA,"15:39, 18 March 2020",NA,NA
"104","Ninh Binh",1,NA,"15:39, 18 March 2020",NA,NA
"105","Ninh Thuan",2,NA,"15:39, 18 March 2020",NA,NA
"106","Thanh Hoa",1,NA,"15:39, 18 March 2020",NA,NA
"107","Thua Thien Hue",2,NA,"15:39, 18 March 2020",NA,NA
"108","Vinh Phuc",11,NA,"15:39, 18 March 2020",NA,NA
"109","15 cities and provinces",76,NA,"15:39, 18 March 2020",NA,NA
"110","Bac Ninh",1,NA,"23:57, 19 March 2020",NA,NA
"111","Binh Thuan",9,NA,"23:57, 19 March 2020",NA,NA
"112","Da Nang",4,NA,"23:57, 19 March 2020",NA,NA
"113","Hai Duong",1,NA,"23:57, 19 March 2020",NA,NA
"114","Hanoi",24,NA,"23:57, 19 March 2020",NA,NA
"115","Ho Chi Minh City",17,NA,"23:57, 19 March 2020",NA,NA
"116","Quang Nam",3,NA,"23:57, 19 March 2020",NA,NA
"117","Quang Ninh",6,NA,"23:57, 19 March 2020",NA,NA
"118","Khanh Hoa",1,NA,"23:57, 19 March 2020",NA,NA
"119","Lao Cai",2,NA,"23:57, 19 March 2020",NA,NA
"120","Ninh Binh",1,NA,"23:57, 19 March 2020",NA,NA
"121","Ninh Thuan",2,NA,"23:57, 19 March 2020",NA,NA
"122","Thanh Hoa",1,NA,"23:57, 19 March 2020",NA,NA
"123","Thua Thien Hue",2,NA,"23:57, 19 March 2020",NA,NA
"124","Vinh Phuc",11,NA,"23:57, 19 March 2020",NA,NA
"125","15 cities and provinces",85,NA,"23:57, 19 March 2020",NA,NA
"126","Bac Ninh",1,NA,"19:31, 20 March 2020",0,NA
"127","Binh Thuan",9,NA,"19:31, 20 March 2020",0,NA
"128","Da Nang",4,NA,"19:31, 20 March 2020",0,NA
"129","Hai Duong",1,NA,"19:31, 20 March 2020",0,NA
"130","Hanoi",27,NA,"19:31, 20 March 2020",0,NA
"131","Ho Chi Minh City",20,NA,"19:31, 20 March 2020",3,NA
"132","Quang Nam",3,NA,"19:31, 20 March 2020",0,NA
"133","Quang Ninh",6,NA,"19:31, 20 March 2020",0,NA
"134","Khanh Hoa",1,NA,"19:31, 20 March 2020",1,NA
"135","Lao Cai",2,NA,"19:31, 20 March 2020",0,NA
"136","Ninh Binh",1,NA,"19:31, 20 March 2020",1,NA
"137","Ninh Thuan",2,NA,"19:31, 20 March 2020",0,NA
"138","Thanh Hoa",1,NA,"19:31, 20 March 2020",1,NA
"139","Thua Thien Hue",2,NA,"19:31, 20 March 2020",0,NA
"140","Vinh Phuc",11,NA,"19:31, 20 March 2020",11,NA
"141","15 cities and provinces",91,NA,"19:31, 20 March 2020",17,NA
"142","Bac Ninh",1,NA,"19:25, 21 March 2020",0,NA
"143","Binh Thuan",9,NA,"19:25, 21 March 2020",0,NA
"144","Da Nang",4,NA,"19:25, 21 March 2020",0,NA
"145","Hai Duong",1,NA,"19:25, 21 March 2020",0,NA
"146","Hanoi",29,NA,"19:25, 21 March 2020",0,NA
"147","Ho Chi Minh City",21,NA,"19:25, 21 March 2020",3,NA
"148","Quang Nam",3,NA,"19:25, 21 March 2020",0,NA
"149","Quang Ninh",6,NA,"19:25, 21 March 2020",0,NA
"150","Khanh Hoa",1,NA,"19:25, 21 March 2020",1,NA
"151","Lao Cai",2,NA,"19:25, 21 March 2020",0,NA
"152","Ninh Binh",1,NA,"19:25, 21 March 2020",1,NA
"153","Ninh Thuan",2,NA,"19:25, 21 March 2020",0,NA
"154","Thanh Hoa",1,NA,"19:25, 21 March 2020",1,NA
"155","Thua Thien Hue",2,NA,"19:25, 21 March 2020",0,NA
"156","Vinh Phuc",11,NA,"19:25, 21 March 2020",11,NA
"157","15 cities and provinces",94,NA,"19:25, 21 March 2020",17,NA
"158","Bac Ninh",1,NA,"15:29, 22 March 2020",0,NA
"159","Binh Thuan",9,NA,"15:29, 22 March 2020",0,NA
"160","Da Nang",4,NA,"15:29, 22 March 2020",0,NA
"161","Dong Thap",4,NA,"15:29, 22 March 2020",0,NA
"162","Hai Duong",1,NA,"15:29, 22 March 2020",0,NA
"163","Hanoi",34,NA,"15:29, 22 March 2020",0,NA
"164","Ho Chi Minh City",27,NA,"15:29, 22 March 2020",3,NA
"165","Hung Yen",2,NA,"15:29, 22 March 2020",0,NA
"166","Khanh Hoa",1,NA,"15:29, 22 March 2020",1,NA
"167","Lao Cai",2,NA,"15:29, 22 March 2020",0,NA
"168","Ninh Binh",1,NA,"15:29, 22 March 2020",1,NA
"169","Ninh Thuan",2,NA,"15:29, 22 March 2020",0,NA
"170","Quang Nam",3,NA,"15:29, 22 March 2020",0,NA
"171","Quang Ninh",6,NA,"15:29, 22 March 2020",0,NA
"172","Thanh Hoa",1,NA,"15:29, 22 March 2020",1,NA
"173","Thua Thien Hue",2,NA,"15:29, 22 March 2020",0,NA
"174","Tra Vinh",2,NA,"15:29, 22 March 2020",0,NA
"175","Vinh Phuc",11,NA,"15:29, 22 March 2020",11,NA
"176","18 cities and provinces",113,NA,"15:29, 22 March 2020",17,NA
"177","Bac Ninh",1,NA,"18:09, 23 March 2020",0,NA
"178","Ben Tre",1,NA,"18:09, 23 March 2020",0,NA
"179","Binh Thuan",9,NA,"18:09, 23 March 2020",0,NA
"180","Da Nang",5,NA,"18:09, 23 March 2020",0,NA
"181","Dong Thap",4,NA,"18:09, 23 March 2020",0,NA
"182","Hai Duong",1,NA,"18:09, 23 March 2020",0,NA
"183","Hanoi",39,NA,"18:09, 23 March 2020",0,NA
"184","Ho Chi Minh City",30,NA,"18:09, 23 March 2020",3,NA
"185","Hung Yen",2,NA,"18:09, 23 March 2020",0,NA
"186","Khanh Hoa",1,NA,"18:09, 23 March 2020",1,NA
"187","Lao Cai",2,NA,"18:09, 23 March 2020",0,NA
"188","Ninh Binh",1,NA,"18:09, 23 March 2020",1,NA
"189","Ninh Thuan",2,NA,"18:09, 23 March 2020",0,NA
"190","Quang Nam",3,NA,"18:09, 23 March 2020",0,NA
"191","Quang Ninh",6,NA,"18:09, 23 March 2020",0,NA
"192","Tay Ninh",2,NA,"18:09, 23 March 2020",0,NA
"193","Thanh Hoa",1,NA,"18:09, 23 March 2020",1,NA
"194","Thua Thien Hue",2,NA,"18:09, 23 March 2020",0,NA
"195","Tra Vinh",2,NA,"18:09, 23 March 2020",0,NA
"196","Vinh Phuc",11,NA,"18:09, 23 March 2020",11,NA
"197","20 cities and provinces",123,NA,"18:09, 23 March 2020",17,NA
"198","Bac Ninh",1,NA,"21:22, 24 March 2020",0,NA
"199","Ben Tre",1,NA,"21:22, 24 March 2020",0,NA
"200","Binh Thuan",9,NA,"21:22, 24 March 2020",0,NA
"201","Da Nang",5,NA,"21:22, 24 March 2020",0,NA
"202","Dong Thap",4,NA,"21:22, 24 March 2020",0,NA
"203","Hai Duong",1,NA,"21:22, 24 March 2020",0,NA
"204","Hanoi",44,NA,"21:22, 24 March 2020",0,NA
"205","Ho Chi Minh City",34,NA,"21:22, 24 March 2020",3,NA
"206","Khanh Hoa",1,NA,"21:22, 24 March 2020",1,NA
"207","Lai Chau",1,NA,"21:22, 24 March 2020",0,NA
"208","Lao Cai",2,NA,"21:22, 24 March 2020",0,NA
"209","Ninh Binh",1,NA,"21:22, 24 March 2020",1,NA
"210","Ninh Thuan",2,NA,"21:22, 24 March 2020",0,NA
"211","Quang Nam",3,NA,"21:22, 24 March 2020",0,NA
"212","Quang Ninh",6,NA,"21:22, 24 March 2020",0,NA
"213","Tay Ninh",2,NA,"21:22, 24 March 2020",0,NA
"214","Thanh Hoa",2,NA,"21:22, 24 March 2020",1,NA
"215","Thua Thien Hue",2,NA,"21:22, 24 March 2020",0,NA
"216","Tra Vinh",2,NA,"21:22, 24 March 2020",0,NA
"217","Vinh Phuc",11,NA,"21:22, 24 March 2020",11,NA
"218","20 cities and provinces",134,NA,"21:22, 24 March 2020",17,NA
"219","Bac Ninh",1,NA,"16:32, 25 March 2020",0,NA
"220","Ben Tre",1,NA,"16:32, 25 March 2020",0,NA
"221","Binh Thuan",9,NA,"16:32, 25 March 2020",0,NA
"222","Da Nang",6,NA,"16:32, 25 March 2020",0,NA
"223","Dong Thap",4,NA,"16:32, 25 March 2020",0,NA
"224","Hai Duong",1,NA,"16:32, 25 March 2020",0,NA
"225","Hanoi",50,NA,"16:32, 25 March 2020",0,NA
"226","Ho Chi Minh City",34,NA,"16:32, 25 March 2020",3,NA
"227","Khanh Hoa",1,NA,"16:32, 25 March 2020",1,NA
"228","Lai Chau",1,NA,"16:32, 25 March 2020",0,NA
"229","Lao Cai",2,NA,"16:32, 25 March 2020",0,NA
"230","Ninh Binh",1,NA,"16:32, 25 March 2020",1,NA
"231","Ninh Thuan",2,NA,"16:32, 25 March 2020",0,NA
"232","Quang Nam",3,NA,"16:32, 25 March 2020",0,NA
"233","Quang Ninh",6,NA,"16:32, 25 March 2020",0,NA
"234","Tay Ninh",2,NA,"16:32, 25 March 2020",0,NA
"235","Thanh Hoa",2,NA,"16:32, 25 March 2020",1,NA
"236","Thua Thien Hue",2,NA,"16:32, 25 March 2020",0,NA
"237","Tra Vinh",2,NA,"16:32, 25 March 2020",0,NA
"238","Vinh Phuc",11,NA,"16:32, 25 March 2020",11,NA
"239","20 cities and provinces",141,NA,"16:32, 25 March 2020",17,NA
"240","Bac Ninh",1,NA,"21:19, 26 March 2020",0,NA
"241","Ben Tre",1,NA,"21:19, 26 March 2020",0,NA
"242","Binh Thuan",9,NA,"21:19, 26 March 2020",0,NA
"243","Can Tho",1,NA,"21:19, 26 March 2020",0,NA
"244","Da Nang",6,NA,"21:19, 26 March 2020",0,NA
"245","Dong Thap",4,NA,"21:19, 26 March 2020",0,NA
"246","Hai Duong",1,NA,"21:19, 26 March 2020",0,NA
"247","Hanoi",52,NA,"21:19, 26 March 2020",0,NA
"248","Ha Tinh",1,NA,"21:19, 26 March 2020",0,NA
"249","Ho Chi Minh City",40,NA,"21:19, 26 March 2020",3,NA
"250","Khanh Hoa",1,NA,"21:19, 26 March 2020",1,NA
"251","Lai Chau",1,NA,"21:19, 26 March 2020",0,NA
"252","Lao Cai",2,NA,"21:19, 26 March 2020",0,NA
"253","Ninh Binh",1,NA,"21:19, 26 March 2020",1,NA
"254","Ninh Thuan",2,NA,"21:19, 26 March 2020",0,NA
"255","Quang Nam",3,NA,"21:19, 26 March 2020",0,NA
"256","Quang Ninh",7,NA,"21:19, 26 March 2020",0,NA
"257","Tay Ninh",2,NA,"21:19, 26 March 2020",0,NA
"258","Thanh Hoa",2,NA,"21:19, 26 March 2020",1,NA
"259","Thua Thien Hue",2,NA,"21:19, 26 March 2020",0,NA
"260","Tra Vinh",3,NA,"21:19, 26 March 2020",0,NA
"261","Vinh Phuc",11,NA,"21:19, 26 March 2020",11,NA
"262","22 cities and provinces",153,NA,"21:19, 26 March 2020",17,NA
"263","Bac Lieu",2,NA,"22:55, 27 March 2020",0,NA
"264","Bac Ninh",1,NA,"22:55, 27 March 2020",0,NA
"265","Ben Tre",1,NA,"22:55, 27 March 2020",0,NA
"266","Binh Thuan",9,NA,"22:55, 27 March 2020",0,NA
"267","Can Tho",2,NA,"22:55, 27 March 2020",0,NA
"268","Da Nang",6,NA,"22:55, 27 March 2020",3,NA
"269","Dong Thap",4,NA,"22:55, 27 March 2020",0,NA
"270","Hai Duong",1,NA,"22:55, 27 March 2020",0,NA
"271","Hanoi",55,NA,"22:55, 27 March 2020",0,NA
"272","Ha Tinh",1,NA,"22:55, 27 March 2020",0,NA
"273","Ho Chi Minh City",44,NA,"22:55, 27 March 2020",3,NA
"274","Khanh Hoa",1,NA,"22:55, 27 March 2020",1,NA
"275","Lai Chau",1,NA,"22:55, 27 March 2020",0,NA
"276","Lao Cai",2,NA,"22:55, 27 March 2020",0,NA
"277","Ninh Binh",1,NA,"22:55, 27 March 2020",1,NA
"278","Ninh Thuan",2,NA,"22:55, 27 March 2020",0,NA
"279","Quang Nam",3,NA,"22:55, 27 March 2020",0,NA
"280","Quang Ninh",7,NA,"22:55, 27 March 2020",0,NA
"281","Tay Ninh",2,NA,"22:55, 27 March 2020",0,NA
"282","Thanh Hoa",2,NA,"22:55, 27 March 2020",1,NA
"283","Thua Thien Hue",2,NA,"22:55, 27 March 2020",0,NA
"284","Tra Vinh",3,NA,"22:55, 27 March 2020",0,NA
"285","Vinh Phuc",11,NA,"22:55, 27 March 2020",11,NA
"286","23 cities and provinces",163,NA,"22:55, 27 March 2020",20,NA
"287","Bac Lieu",2,NA,"23:16, 28 March 2020",0,NA
"288","Bac Ninh",1,NA,"23:16, 28 March 2020",0,NA
"289","Ben Tre",1,NA,"23:16, 28 March 2020",0,NA
"290","Binh Thuan",9,NA,"23:16, 28 March 2020",0,NA
"291","Can Tho",2,NA,"23:16, 28 March 2020",0,NA
"292","Da Nang",6,NA,"23:16, 28 March 2020",3,NA
"293","Dong Thap",4,NA,"23:16, 28 March 2020",0,NA
"294","Hai Duong",1,NA,"23:16, 28 March 2020",0,NA
"295","Hanoi",61,NA,"23:16, 28 March 2020",0,NA
"296","Ha Tinh",1,NA,"23:16, 28 March 2020",0,NA
"297","Ho Chi Minh City",45,NA,"23:16, 28 March 2020",3,NA
"298","Khanh Hoa",1,NA,"23:16, 28 March 2020",1,NA
"299","Lai Chau",1,NA,"23:16, 28 March 2020",0,NA
"300","Lao Cai",2,NA,"23:16, 28 March 2020",0,NA
"301","Ninh Binh",5,NA,"23:16, 28 March 2020",1,NA
"302","Ninh Thuan",2,NA,"23:16, 28 March 2020",0,NA
"303","Quang Nam",3,NA,"23:16, 28 March 2020",0,NA
"304","Quang Ninh",7,NA,"23:16, 28 March 2020",0,NA
"305","Tay Ninh",2,NA,"23:16, 28 March 2020",0,NA
"306","Thanh Hoa",2,NA,"23:16, 28 March 2020",1,NA
"307","Thua Thien Hue",2,NA,"23:16, 28 March 2020",1,NA
"308","Tra Vinh",3,NA,"23:16, 28 March 2020",0,NA
"309","Vinh Phuc",11,NA,"23:16, 28 March 2020",11,NA
"310","23 cities and provinces",174,NA,"23:16, 28 March 2020",21,NA
"311","Bac Lieu",2,NA,"22:01, 29 March 2020",0,NA
"312","Bac Ninh",1,NA,"22:01, 29 March 2020",0,NA
"313","Ben Tre",1,NA,"22:01, 29 March 2020",0,NA
"314","Binh Thuan",9,NA,"22:01, 29 March 2020",0,NA
"315","Can Tho",2,NA,"22:01, 29 March 2020",0,NA
"316","Da Nang",6,NA,"22:01, 29 March 2020",3,NA
"317","Dong Thap",4,NA,"22:01, 29 March 2020",0,NA
"318","Hai Duong",1,NA,"22:01, 29 March 2020",0,NA
"319","Hanoi",70,NA,"22:01, 29 March 2020",0,NA
"320","Ha Tinh",1,NA,"22:01, 29 March 2020",0,NA
"321","Ho Chi Minh City",45,NA,"22:01, 29 March 2020",7,NA
"322","Khanh Hoa",1,NA,"22:01, 29 March 2020",1,NA
"323","Lai Chau",1,NA,"22:01, 29 March 2020",0,NA
"324","Lao Cai",2,NA,"22:01, 29 March 2020",0,NA
"325","Ninh Binh",8,NA,"22:01, 29 March 2020",1,NA
"326","Ninh Thuan",2,NA,"22:01, 29 March 2020",0,NA
"327","Quang Nam",3,NA,"22:01, 29 March 2020",0,NA
"328","Quang Ninh",7,NA,"22:01, 29 March 2020",0,NA
"329","Tay Ninh",2,NA,"22:01, 29 March 2020",0,NA
"330","Thai Nguyen",1,NA,"22:01, 29 March 2020",0,NA
"331","Thanh Hoa",3,NA,"22:01, 29 March 2020",1,NA
"332","Thua Thien Hue",2,NA,"22:01, 29 March 2020",1,NA
"333","Tra Vinh",3,NA,"22:01, 29 March 2020",0,NA
"334","Vinh Phuc",11,NA,"22:01, 29 March 2020",11,NA
"335","24 cities and provinces",188,NA,"22:01, 29 March 2020",25,NA
"336","Bac Lieu",2,NA,"18:38, 30 March 2020",0,NA
"337","Bac Ninh",1,NA,"18:38, 30 March 2020",0,NA
"338","Ben Tre",1,NA,"18:38, 30 March 2020",0,NA
"339","Binh Thuan",9,NA,"18:38, 30 March 2020",0,NA
"340","Can Tho",2,NA,"18:38, 30 March 2020",0,NA
"341","Da Nang",6,NA,"18:38, 30 March 2020",3,NA
"342","Dong Thap",4,NA,"18:38, 30 March 2020",0,NA
"343","Hai Duong",1,NA,"18:38, 30 March 2020",0,NA
"344","Hanoi",84,NA,"18:38, 30 March 2020",27,NA
"345","Ha Tinh",1,NA,"18:38, 30 March 2020",0,NA
"346","Ho Chi Minh City",46,NA,"18:38, 30 March 2020",10,NA
"347","Khanh Hoa",1,NA,"18:38, 30 March 2020",1,NA
"348","Lai Chau",1,NA,"18:38, 30 March 2020",0,NA
"349","Lao Cai",2,NA,"18:38, 30 March 2020",0,NA
"350","Ninh Binh",8,NA,"18:38, 30 March 2020",1,NA
"351","Ninh Thuan",2,NA,"18:38, 30 March 2020",0,NA
"352","Quang Nam",3,NA,"18:38, 30 March 2020",0,NA
"353","Quang Ninh",7,NA,"18:38, 30 March 2020",0,NA
"354","Tay Ninh",2,NA,"18:38, 30 March 2020",0,NA
"355","Thai Nguyen",1,NA,"18:38, 30 March 2020",0,NA
"356","Thanh Hoa",3,NA,"18:38, 30 March 2020",1,NA
"357","Thua Thien Hue",2,NA,"18:38, 30 March 2020",1,NA
"358","Tra Vinh",3,NA,"18:38, 30 March 2020",0,NA
"359","Vinh Phuc",11,NA,"18:38, 30 March 2020",11,NA
"360","24 cities and provinces",203,NA,"18:38, 30 March 2020",55,NA
"361","Bac Lieu",2,NA,"21:34, 31 March 2020",0,NA
"362","Bac Ninh",1,NA,"21:34, 31 March 2020",0,NA
"363","Ben Tre",1,NA,"21:34, 31 March 2020",0,NA
"364","Binh Thuan",9,NA,"21:34, 31 March 2020",0,NA
"365","Can Tho",2,NA,"21:34, 31 March 2020",0,NA
"366","Da Nang",6,NA,"21:34, 31 March 2020",3,NA
"367","Dong Thap",4,NA,"21:34, 31 March 2020",0,NA
"368","Hai Duong",1,NA,"21:34, 31 March 2020",0,NA
"369","Hanoi",85,NA,"21:34, 31 March 2020",27,NA
"370","Ha Tinh",1,NA,"21:34, 31 March 2020",0,NA
"371","Ho Chi Minh City",49,NA,"21:34, 31 March 2020",11,NA
"372","Khanh Hoa",1,NA,"21:34, 31 March 2020",1,NA
"373","Lai Chau",1,NA,"21:34, 31 March 2020",0,NA
"374","Lao Cai",2,NA,"21:34, 31 March 2020",0,NA
"375","Ninh Binh",8,NA,"21:34, 31 March 2020",1,NA
"376","Ninh Thuan",2,NA,"21:34, 31 March 2020",0,NA
"377","Quang Nam",3,NA,"21:34, 31 March 2020",0,NA
"378","Quang Ninh",7,NA,"21:34, 31 March 2020",0,NA
"379","Tay Ninh",2,NA,"21:34, 31 March 2020",0,NA
"380","Thai Nguyen",1,NA,"21:34, 31 March 2020",0,NA
"381","Thanh Hoa",3,NA,"21:34, 31 March 2020",1,NA
"382","Thua Thien Hue",2,NA,"21:34, 31 March 2020",2,NA
"383","Tra Vinh",3,NA,"21:34, 31 March 2020",0,NA
"384","Vinh Phuc",11,NA,"21:34, 31 March 2020",11,NA
"385","24 cities and provinces",207,NA,"21:34, 31 March 2020",57,NA
"386","Bac Lieu",2,NA,"12:59, 1 April 2020",0,NA
"387","Bac Ninh",1,NA,"12:59, 1 April 2020",0,NA
"388","Ben Tre",1,NA,"12:59, 1 April 2020",0,NA
"389","Binh Thuan",9,NA,"12:59, 1 April 2020",0,NA
"390","Can Tho",2,NA,"12:59, 1 April 2020",0,NA
"391","Da Nang",6,NA,"12:59, 1 April 2020",3,NA
"392","Dong Thap",4,NA,"12:59, 1 April 2020",0,NA
"393","Hai Duong",1,NA,"12:59, 1 April 2020",0,NA
"394","Hanoi",94,NA,"12:59, 1 April 2020",27,NA
"395","Ha Tinh",2,NA,"12:59, 1 April 2020",0,NA
"396","Ho Chi Minh City",49,NA,"12:59, 1 April 2020",15,NA
"397","Khanh Hoa",1,NA,"12:59, 1 April 2020",1,NA
"398","Lai Chau",1,NA,"12:59, 1 April 2020",0,NA
"399","Lao Cai",2,NA,"12:59, 1 April 2020",0,NA
"400","Ninh Binh",9,NA,"12:59, 1 April 2020",1,NA
"401","Ninh Thuan",2,NA,"12:59, 1 April 2020",2,NA
"402","Quang Nam",3,NA,"12:59, 1 April 2020",0,NA
"403","Quang Ninh",7,NA,"12:59, 1 April 2020",0,NA
"404","Tay Ninh",2,NA,"12:59, 1 April 2020",0,NA
"405","Thai Nguyen",1,NA,"12:59, 1 April 2020",0,NA
"406","Thanh Hoa",3,NA,"12:59, 1 April 2020",1,NA
"407","Thua Thien Hue",2,NA,"12:59, 1 April 2020",2,NA
"408","Tra Vinh",3,NA,"12:59, 1 April 2020",0,NA
"409","Vinh Phuc",11,NA,"12:59, 1 April 2020",11,NA
"410","24 cities and provinces",218,NA,"12:59, 1 April 2020",63,NA
"411","Bac Lieu",2,NA,"12:41, 2 April 2020",0,NA
"412","Bac Ninh",1,NA,"12:41, 2 April 2020",0,NA
"413","Ben Tre",1,NA,"12:41, 2 April 2020",0,NA
"414","Binh Thuan",9,NA,"12:41, 2 April 2020",0,NA
"415","Can Tho",2,NA,"12:41, 2 April 2020",0,NA
"416","Da Nang",6,NA,"12:41, 2 April 2020",3,NA
"417","Dong Thap",4,NA,"12:41, 2 April 2020",0,NA
"418","Hai Duong",1,NA,"12:41, 2 April 2020",1,NA
"419","Hanoi",102,NA,"12:41, 2 April 2020",38,NA
"420","Ha Tinh",2,NA,"12:41, 2 April 2020",0,NA
"421","Ho Chi Minh City",50,NA,"12:41, 2 April 2020",15,NA
"422","Khanh Hoa",1,NA,"12:41, 2 April 2020",1,NA
"423","Lai Chau",1,NA,"12:41, 2 April 2020",0,NA
"424","Lao Cai",2,NA,"12:41, 2 April 2020",0,NA
"425","Ninh Binh",9,NA,"12:41, 2 April 2020",1,NA
"426","Ninh Thuan",2,NA,"12:41, 2 April 2020",2,NA
"427","Quang Nam",3,NA,"12:41, 2 April 2020",0,NA
"428","Quang Ninh",7,NA,"12:41, 2 April 2020",0,NA
"429","Tay Ninh",2,NA,"12:41, 2 April 2020",0,NA
"430","Thai Nguyen",1,NA,"12:41, 2 April 2020",0,NA
"431","Thanh Hoa",3,NA,"12:41, 2 April 2020",1,NA
"432","Thua Thien Hue",2,NA,"12:41, 2 April 2020",2,NA
"433","Tra Vinh",3,NA,"12:41, 2 April 2020",0,NA
"434","Vinh Phuc",11,NA,"12:41, 2 April 2020",11,NA
"435","24 cities and provinces",227,NA,"12:41, 2 April 2020",75,NA
"436","Bac Lieu",2,NA,"15:34, 3 April 2020",0,NA
"437","Bac Ninh",1,NA,"15:34, 3 April 2020",0,NA
"438","Ben Tre",1,NA,"15:34, 3 April 2020",0,NA
"439","Binh Thuan",9,NA,"15:34, 3 April 2020",7,NA
"440","Can Tho",2,NA,"15:34, 3 April 2020",0,NA
"441","Da Nang",6,NA,"15:34, 3 April 2020",3,NA
"442","Dong Thap",4,NA,"15:34, 3 April 2020",0,NA
"443","Ha Nam",1,NA,"15:34, 3 April 2020",0,NA
"444","Hanoi",105,NA,"15:34, 3 April 2020",38,NA
"445","Ha Tinh",2,NA,"15:34, 3 April 2020",0,NA
"446","Hai Duong",1,NA,"15:34, 3 April 2020",1,NA
"447","Ho Chi Minh City",53,NA,"15:34, 3 April 2020",18,NA
"448","Khanh Hoa",1,NA,"15:34, 3 April 2020",1,NA
"449","Lai Chau",1,NA,"15:34, 3 April 2020",0,NA
"450","Lao Cai",2,NA,"15:34, 3 April 2020",0,NA
"451","Ninh Binh",12,NA,"15:34, 3 April 2020",1,NA
"452","Ninh Thuan",2,NA,"15:34, 3 April 2020",2,NA
"453","Quang Nam",3,NA,"15:34, 3 April 2020",0,NA
"454","Quang Ninh",7,NA,"15:34, 3 April 2020",0,NA
"455","Tay Ninh",2,NA,"15:34, 3 April 2020",0,NA
"456","Thai Nguyen",1,NA,"15:34, 3 April 2020",0,NA
"457","Thanh Hoa",3,NA,"15:34, 3 April 2020",1,NA
"458","Thua Thien Hue",2,NA,"15:34, 3 April 2020",2,NA
"459","Tra Vinh",3,NA,"15:34, 3 April 2020",0,NA
"460","Vinh Phuc",11,NA,"15:34, 3 April 2020",11,NA
"461","25 cities and provinces",237,NA,"15:34, 3 April 2020",85,NA
"462","Bac Lieu",2,NA,"20:23, 4 April 2020",0,NA
"463","Bac Ninh",1,NA,"20:23, 4 April 2020",0,NA
"464","Ben Tre",1,NA,"20:23, 4 April 2020",0,NA
"465","Binh Thuan",9,NA,"20:23, 4 April 2020",7,NA
"466","Can Tho",2,NA,"20:23, 4 April 2020",0,NA
"467","Da Nang",6,NA,"20:23, 4 April 2020",4,NA
"468","Dong Thap",4,NA,"20:23, 4 April 2020",0,NA
"469","Ha Nam",1,NA,"20:23, 4 April 2020",0,NA
"470","Hanoi",106,NA,"20:23, 4 April 2020",38,NA
"471","Ha Tinh",3,NA,"20:23, 4 April 2020",0,NA
"472","Hai Duong",1,NA,"20:23, 4 April 2020",1,NA
"473","Ho Chi Minh City",53,NA,"20:23, 4 April 2020",22,NA
"474","Khanh Hoa",1,NA,"20:23, 4 April 2020",1,NA
"475","Lai Chau",1,NA,"20:23, 4 April 2020",0,NA
"476","Lao Cai",2,NA,"20:23, 4 April 2020",0,NA
"477","Ninh Binh",13,NA,"20:23, 4 April 2020",1,NA
"478","Ninh Thuan",2,NA,"20:23, 4 April 2020",2,NA
"479","Quang Nam",3,NA,"20:23, 4 April 2020",0,NA
"480","Quang Ninh",7,NA,"20:23, 4 April 2020",0,NA
"481","Tay Ninh",2,NA,"20:23, 4 April 2020",0,NA
"482","Thai Nguyen",1,NA,"20:23, 4 April 2020",0,NA
"483","Thanh Hoa",3,NA,"20:23, 4 April 2020",1,NA
"484","Thua Thien Hue",2,NA,"20:23, 4 April 2020",2,NA
"485","Tra Vinh",3,NA,"20:23, 4 April 2020",0,NA
"486","Vinh Phuc",11,NA,"20:23, 4 April 2020",11,NA
"487","25 cities and provinces",240,NA,"20:23, 4 April 2020",90,NA
"488","Bac Lieu",3,NA,"15:21, 5 April 2020",0,NA
"489","Bac Ninh",1,NA,"15:21, 5 April 2020",0,NA
"490","Ben Tre",1,NA,"15:21, 5 April 2020",0,NA
"491","Binh Thuan",9,NA,"15:21, 5 April 2020",7,NA
"492","Can Tho",2,NA,"15:21, 5 April 2020",0,NA
"493","Da Nang",6,NA,"15:21, 5 April 2020",4,NA
"494","Dong Thap",4,NA,"15:21, 5 April 2020",0,NA
"495","Ha Nam",1,NA,"15:21, 5 April 2020",0,NA
"496","Hanoi",106,NA,"15:21, 5 April 2020",38,NA
"497","Ha Tinh",3,NA,"15:21, 5 April 2020",0,NA
"498","Hai Duong",1,NA,"15:21, 5 April 2020",1,NA
"499","Ho Chi Minh City",53,NA,"15:21, 5 April 2020",22,NA
"500","Khanh Hoa",1,NA,"15:21, 5 April 2020",1,NA
"501","Lai Chau",1,NA,"15:21, 5 April 2020",0,NA
"502","Lao Cai",2,NA,"15:21, 5 April 2020",0,NA
"503","Ninh Binh",13,NA,"15:21, 5 April 2020",1,NA
"504","Ninh Thuan",2,NA,"15:21, 5 April 2020",2,NA
"505","Quang Nam",3,NA,"15:21, 5 April 2020",1,NA
"506","Quang Ninh",7,NA,"15:21, 5 April 2020",0,NA
"507","Tay Ninh",2,NA,"15:21, 5 April 2020",0,NA
"508","Thai Nguyen",1,NA,"15:21, 5 April 2020",0,NA
"509","Thanh Hoa",3,NA,"15:21, 5 April 2020",1,NA
"510","Thua Thien Hue",2,NA,"15:21, 5 April 2020",2,NA
"511","Tra Vinh",3,NA,"15:21, 5 April 2020",0,NA
"512","Vinh Phuc",11,NA,"15:21, 5 April 2020",11,NA
"513","25 cities and provinces",241,NA,"15:21, 5 April 2020",91,NA
"514","Bac Lieu",3,NA,"20:31, 6 April 2020",0,NA
"515","Bac Ninh",1,NA,"20:31, 6 April 2020",0,NA
"516","Ben Tre",1,NA,"20:31, 6 April 2020",0,NA
"517","Binh Thuan",9,NA,"20:31, 6 April 2020",7,NA
"518","Can Tho",2,NA,"20:31, 6 April 2020",1,NA
"519","Da Nang",6,NA,"20:31, 6 April 2020",5,NA
"520","Dong Thap",4,NA,"20:31, 6 April 2020",0,NA
"521","Ha Nam",1,NA,"20:31, 6 April 2020",0,NA
"522","Hanoi",111,NA,"20:31, 6 April 2020",38,NA
"523","Ha Tinh",3,NA,"20:31, 6 April 2020",0,NA
"524","Hai Duong",1,NA,"20:31, 6 April 2020",1,NA
"525","Ho Chi Minh City",53,NA,"20:31, 6 April 2020",22,NA
"526","Khanh Hoa",1,NA,"20:31, 6 April 2020",1,NA
"527","Lai Chau",1,NA,"20:31, 6 April 2020",0,NA
"528","Lao Cai",2,NA,"20:31, 6 April 2020",0,NA
"529","Ninh Binh",12,NA,"20:31, 6 April 2020",1,NA
"530","Ninh Thuan",2,NA,"20:31, 6 April 2020",2,NA
"531","Quang Nam",3,NA,"20:31, 6 April 2020",1,NA
"532","Quang Ninh",6,NA,"20:31, 6 April 2020",0,NA
"533","Tay Ninh",2,NA,"20:31, 6 April 2020",2,NA
"534","Thai Nguyen",1,NA,"20:31, 6 April 2020",0,NA
"535","Thanh Hoa",3,NA,"20:31, 6 April 2020",1,NA
"536","Thua Thien Hue",2,NA,"20:31, 6 April 2020",2,NA
"537","Tra Vinh",3,NA,"20:31, 6 April 2020",0,NA
"538","Vinh Phuc",11,NA,"20:31, 6 April 2020",11,NA
"539","25 cities and provinces",245,NA,"20:31, 6 April 2020",95,NA
"540","Bac Lieu",3,NA,"23:59, 7 April 2020",0,NA
"541","Bac Ninh",1,NA,"23:59, 7 April 2020",0,NA
"542","Ben Tre",1,NA,"23:59, 7 April 2020",1,NA
"543","Binh Thuan",9,NA,"23:59, 7 April 2020",7,NA
"544","Can Tho",2,NA,"23:59, 7 April 2020",1,NA
"545","Da Nang",6,NA,"23:59, 7 April 2020",5,NA
"546","Dong Nai",1,NA,"23:59, 7 April 2020",0,NA
"547","Dong Thap",4,NA,"23:59, 7 April 2020",4,NA
"548","Ha Nam",2,NA,"23:59, 7 April 2020",0,NA
"549","Hanoi",115,NA,"23:59, 7 April 2020",49,NA
"550","Ha Tinh",3,NA,"23:59, 7 April 2020",0,NA
"551","Hai Duong",1,NA,"23:59, 7 April 2020",1,NA
"552","Ho Chi Minh City",54,NA,"23:59, 7 April 2020",31,NA
"553","Khanh Hoa",1,NA,"23:59, 7 April 2020",1,NA
"554","Lai Chau",1,NA,"23:59, 7 April 2020",0,NA
"555","Lao Cai",2,NA,"23:59, 7 April 2020",0,NA
"556","Ninh Binh",13,NA,"23:59, 7 April 2020",1,NA
"557","Ninh Thuan",2,NA,"23:59, 7 April 2020",2,NA
"558","Quang Nam",1,NA,"23:59, 7 April 2020",1,NA
"559","Quang Ninh",6,NA,"23:59, 7 April 2020",0,NA
"560","Tay Ninh",2,NA,"23:59, 7 April 2020",2,NA
"561","Thanh Hoa",3,NA,"23:59, 7 April 2020",1,NA
"562","Thua Thien Hue",4,NA,"23:59, 7 April 2020",4,NA
"563","Tra Vinh",3,NA,"23:59, 7 April 2020",0,NA
"564","Vinh Phuc",11,NA,"23:59, 7 April 2020",11,NA
"565","25 cities and provinces",251,NA,"23:59, 7 April 2020",122,NA
"566","Bac Lieu",3,NA,"18:50, 8 April 2020",0,NA
"567","Bac Ninh",1,NA,"18:50, 8 April 2020",0,NA
"568","Ben Tre",1,NA,"18:50, 8 April 2020",1,NA
"569","Binh Thuan",9,NA,"18:50, 8 April 2020",7,NA
"570","Can Tho",2,NA,"18:50, 8 April 2020",1,NA
"571","Da Nang",6,NA,"18:50, 8 April 2020",5,NA
"572","Dong Nai",1,NA,"18:50, 8 April 2020",0,NA
"573","Dong Thap",4,NA,"18:50, 8 April 2020",4,NA
"574","Ha Nam",2,NA,"18:50, 8 April 2020",0,NA
"575","Hanoi",115,NA,"18:50, 8 April 2020",49,NA
"576","Ha Tinh",3,NA,"18:50, 8 April 2020",0,NA
"577","Hai Duong",1,NA,"18:50, 8 April 2020",1,NA
"578","Ho Chi Minh City",54,NA,"18:50, 8 April 2020",35,NA
"579","Khanh Hoa",1,NA,"18:50, 8 April 2020",1,NA
"580","Lai Chau",1,NA,"18:50, 8 April 2020",0,NA
"581","Lao Cai",2,NA,"18:50, 8 April 2020",0,NA
"582","Ninh Binh",13,NA,"18:50, 8 April 2020",1,NA
"583","Ninh Thuan",2,NA,"18:50, 8 April 2020",2,NA
"584","Quang Nam",1,NA,"18:50, 8 April 2020",1,NA
"585","Quang Ninh",6,NA,"18:50, 8 April 2020",0,NA
"586","Tay Ninh",2,NA,"18:50, 8 April 2020",2,NA
"587","Thanh Hoa",3,NA,"18:50, 8 April 2020",1,NA
"588","Thua Thien Hue",4,NA,"18:50, 8 April 2020",4,NA
"589","Tra Vinh",3,NA,"18:50, 8 April 2020",0,NA
"590","Vinh Phuc",11,NA,"18:50, 8 April 2020",11,NA
"591","25 cities and provinces",251,NA,"18:50, 8 April 2020",126,NA
"592","Bac Lieu",3,NA,"13:32, 9 April 2020",0,NA
"593","Bac Ninh",1,NA,"13:32, 9 April 2020",0,NA
"594","Ben Tre",1,NA,"13:32, 9 April 2020",1,NA
"595","Binh Thuan",9,NA,"13:32, 9 April 2020",7,NA
"596","Can Tho",2,NA,"13:32, 9 April 2020",1,NA
"597","Da Nang",6,NA,"13:32, 9 April 2020",5,NA
"598","Dong Nai",1,NA,"13:32, 9 April 2020",0,NA
"599","Dong Thap",4,NA,"13:32, 9 April 2020",4,NA
"600","Ha Nam",2,NA,"13:32, 9 April 2020",0,NA
"601","Hanoi",118,NA,"13:32, 9 April 2020",49,NA
"602","Ha Tinh",3,NA,"13:32, 9 April 2020",0,NA
"603","Hai Duong",1,NA,"13:32, 9 April 2020",1,NA
"604","Ho Chi Minh City",54,NA,"13:32, 9 April 2020",37,NA
"605","Khanh Hoa",1,NA,"13:32, 9 April 2020",1,NA
"606","Lai Chau",1,NA,"13:32, 9 April 2020",0,NA
"607","Lao Cai",2,NA,"13:32, 9 April 2020",0,NA
"608","Ninh Binh",13,NA,"13:32, 9 April 2020",1,NA
"609","Ninh Thuan",2,NA,"13:32, 9 April 2020",2,NA
"610","Quang Nam",1,NA,"13:32, 9 April 2020",1,NA
"611","Quang Ninh",6,NA,"13:32, 9 April 2020",0,NA
"612","Tay Ninh",3,NA,"13:32, 9 April 2020",2,NA
"613","Thanh Hoa",3,NA,"13:32, 9 April 2020",1,NA
"614","Thua Thien Hue",4,NA,"13:32, 9 April 2020",4,NA
"615","Tra Vinh",3,NA,"13:32, 9 April 2020",0,NA
"616","Vinh Phuc",11,NA,"13:32, 9 April 2020",11,NA
"617","25 cities and provinces",255,NA,"13:32, 9 April 2020",128,NA
"618","Bac Lieu",3,NA,"23:33, 10 April 2020",0,NA
"619","Bac Ninh",1,NA,"23:33, 10 April 2020",1,NA
"620","Ben Tre",1,NA,"23:33, 10 April 2020",1,NA
"621","Binh Thuan",9,NA,"23:33, 10 April 2020",9,NA
"622","Can Tho",2,NA,"23:33, 10 April 2020",1,NA
"623","Da Nang",6,NA,"23:33, 10 April 2020",6,NA
"624","Dong Nai",1,NA,"23:33, 10 April 2020",0,NA
"625","Dong Thap",4,NA,"23:33, 10 April 2020",4,NA
"626","Ha Nam",2,NA,"23:33, 10 April 2020",0,NA
"627","Hanoi",120,NA,"23:33, 10 April 2020",58,NA
"628","Ha Tinh",3,NA,"23:33, 10 April 2020",0,NA
"629","Hai Duong",1,NA,"23:33, 10 April 2020",1,NA
"630","Ho Chi Minh City",54,NA,"23:33, 10 April 2020",40,NA
"631","Khanh Hoa",1,NA,"23:33, 10 April 2020",1,NA
"632","Lai Chau",1,NA,"23:33, 10 April 2020",0,NA
"633","Lao Cai",2,NA,"23:33, 10 April 2020",0,NA
"634","Ninh Binh",13,NA,"23:33, 10 April 2020",1,NA
"635","Ninh Thuan",2,NA,"23:33, 10 April 2020",2,NA
"636","Quang Nam",1,NA,"23:33, 10 April 2020",1,NA
"637","Quang Ninh",6,NA,"23:33, 10 April 2020",0,NA
"638","Tay Ninh",3,NA,"23:33, 10 April 2020",2,NA
"639","Thanh Hoa",3,NA,"23:33, 10 April 2020",1,NA
"640","Thua Thien Hue",4,NA,"23:33, 10 April 2020",4,NA
"641","Tra Vinh",3,NA,"23:33, 10 April 2020",0,NA
"642","Vinh Phuc",11,NA,"23:33, 10 April 2020",11,NA
"643","25 cities and provinces",257,NA,"23:33, 10 April 2020",144,NA
"644","Bac Lieu",3,NA,"17:25, 11 April 2020",0,NA
"645","Bac Ninh",1,NA,"17:25, 11 April 2020",1,NA
"646","Ben Tre",1,NA,"17:25, 11 April 2020",1,NA
"647","Binh Thuan",9,NA,"17:25, 11 April 2020",9,NA
"648","Can Tho",2,NA,"17:25, 11 April 2020",1,NA
"649","Da Nang",6,NA,"17:25, 11 April 2020",6,NA
"650","Dong Nai",1,NA,"17:25, 11 April 2020",0,NA
"651","Dong Thap",4,NA,"17:25, 11 April 2020",4,NA
"652","Ha Nam",2,NA,"17:25, 11 April 2020",0,NA
"653","Hanoi",121,NA,"17:25, 11 April 2020",58,NA
"654","Ha Tinh",3,NA,"17:25, 11 April 2020",0,NA
"655","Hai Duong",1,NA,"17:25, 11 April 2020",1,NA
"656","Ho Chi Minh City",54,NA,"17:25, 11 April 2020",40,NA
"657","Khanh Hoa",1,NA,"17:25, 11 April 2020",1,NA
"658","Lai Chau",1,NA,"17:25, 11 April 2020",0,NA
"659","Lao Cai",2,NA,"17:25, 11 April 2020",0,NA
"660","Ninh Binh",13,NA,"17:25, 11 April 2020",1,NA
"661","Ninh Thuan",2,NA,"17:25, 11 April 2020",2,NA
"662","Quang Nam",1,NA,"17:25, 11 April 2020",1,NA
"663","Quang Ninh",6,NA,"17:25, 11 April 2020",0,NA
"664","Tay Ninh",3,NA,"17:25, 11 April 2020",2,NA
"665","Thanh Hoa",3,NA,"17:25, 11 April 2020",1,NA
"666","Thua Thien Hue",4,NA,"17:25, 11 April 2020",4,NA
"667","Tra Vinh",3,NA,"17:25, 11 April 2020",0,NA
"668","Vinh Phuc",11,NA,"17:25, 11 April 2020",11,NA
"669","25 cities and provinces",258,NA,"17:25, 11 April 2020",144,NA
"670","Bac Lieu",3,NA,"23:49, 12 April 2020",0,NA
"671","Bac Ninh",1,NA,"23:49, 12 April 2020",1,NA
"672","Ben Tre",1,NA,"23:49, 12 April 2020",1,NA
"673","Binh Thuan",9,NA,"23:49, 12 April 2020",9,NA
"674","Can Tho",2,NA,"23:49, 12 April 2020",1,NA
"675","Da Nang",6,NA,"23:49, 12 April 2020",6,NA
"676","Dong Nai",1,NA,"23:49, 12 April 2020",0,NA
"677","Dong Thap",4,NA,"23:49, 12 April 2020",4,NA
"678","Ha Nam",2,NA,"23:49, 12 April 2020",0,NA
"679","Hanoi",123,NA,"23:49, 12 April 2020",58,NA
"680","Ha Tinh",3,NA,"23:49, 12 April 2020",0,NA
"681","Hai Duong",1,NA,"23:49, 12 April 2020",1,NA
"682","Ho Chi Minh City",54,NA,"23:49, 12 April 2020",40,NA
"683","Khanh Hoa",1,NA,"23:49, 12 April 2020",1,NA
"684","Lai Chau",1,NA,"23:49, 12 April 2020",0,NA
"685","Lao Cai",2,NA,"23:49, 12 April 2020",0,NA
"686","Ninh Binh",13,NA,"23:49, 12 April 2020",1,NA
"687","Ninh Thuan",2,NA,"23:49, 12 April 2020",2,NA
"688","Quang Nam",1,NA,"23:49, 12 April 2020",1,NA
"689","Quang Ninh",6,NA,"23:49, 12 April 2020",0,NA
"690","Tay Ninh",3,NA,"23:49, 12 April 2020",2,NA
"691","Thanh Hoa",3,NA,"23:49, 12 April 2020",1,NA
"692","Thua Thien Hue",4,NA,"23:49, 12 April 2020",4,NA
"693","Tra Vinh",3,NA,"23:49, 12 April 2020",0,NA
"694","Vinh Phuc",11,NA,"23:49, 12 April 2020",11,NA
"695","25 cities and provinces",260,NA,"23:49, 12 April 2020",144,NA
"696","Bac Lieu",3,NA,"17:44, 13 April 2020",1,NA
"697","Bac Ninh",1,NA,"17:44, 13 April 2020",1,NA
"698","Ben Tre",1,NA,"17:44, 13 April 2020",1,NA
"699","Binh Thuan",9,NA,"17:44, 13 April 2020",9,NA
"700","Can Tho",2,NA,"17:44, 13 April 2020",1,NA
"701","Da Nang",6,NA,"17:44, 13 April 2020",6,NA
"702","Dong Nai",1,NA,"17:44, 13 April 2020",0,NA
"703","Dong Thap",4,NA,"17:44, 13 April 2020",4,NA
"704","Ha Nam",2,NA,"17:44, 13 April 2020",0,NA
"705","Hanoi",127,NA,"17:44, 13 April 2020",58,NA
"706","Ha Tinh",4,NA,"17:44, 13 April 2020",0,NA
"707","Hai Duong",1,NA,"17:44, 13 April 2020",1,NA
"708","Ho Chi Minh City",54,NA,"17:44, 13 April 2020",40,NA
"709","Khanh Hoa",1,NA,"17:44, 13 April 2020",1,NA
"710","Lai Chau",1,NA,"17:44, 13 April 2020",0,NA
"711","Lao Cai",2,NA,"17:44, 13 April 2020",0,NA
"712","Ninh Binh",13,NA,"17:44, 13 April 2020",1,NA
"713","Ninh Thuan",2,NA,"17:44, 13 April 2020",2,NA
"714","Quang Nam",1,NA,"17:44, 13 April 2020",1,NA
"715","Quang Ninh",6,NA,"17:44, 13 April 2020",0,NA
"716","Tay Ninh",3,NA,"17:44, 13 April 2020",2,NA
"717","Thanh Hoa",3,NA,"17:44, 13 April 2020",1,NA
"718","Thua Thien Hue",4,NA,"17:44, 13 April 2020",4,NA
"719","Tra Vinh",3,NA,"17:44, 13 April 2020",0,NA
"720","Vinh Phuc",11,NA,"17:44, 13 April 2020",11,NA
"721","25 cities and provinces",265,NA,"17:44, 13 April 2020",145,NA
"722","Bac Lieu",3,NA,"16:14, 14 April 2020",1,NA
"723","Bac Ninh",1,NA,"16:14, 14 April 2020",1,NA
"724","Ben Tre",1,NA,"16:14, 14 April 2020",1,NA
"725","Binh Thuan",9,NA,"16:14, 14 April 2020",9,NA
"726","Can Tho",2,NA,"16:14, 14 April 2020",1,NA
"727","Da Nang",6,NA,"16:14, 14 April 2020",6,NA
"728","Dong Nai",1,NA,"16:14, 14 April 2020",0,NA
"729","Dong Thap",4,NA,"16:14, 14 April 2020",4,NA
"730","Ha Nam",2,NA,"16:14, 14 April 2020",0,NA
"731","Hanoi",128,NA,"16:14, 14 April 2020",71,NA
"732","Ha Tinh",4,NA,"16:14, 14 April 2020",1,NA
"733","Hai Duong",1,NA,"16:14, 14 April 2020",1,NA
"734","Ho Chi Minh City",54,NA,"16:14, 14 April 2020",50,NA
"735","Khanh Hoa",1,NA,"16:14, 14 April 2020",1,NA
"736","Lai Chau",1,NA,"16:14, 14 April 2020",0,NA
"737","Lao Cai",2,NA,"16:14, 14 April 2020",0,NA
"738","Ninh Binh",13,NA,"16:14, 14 April 2020",1,NA
"739","Ninh Thuan",2,NA,"16:14, 14 April 2020",2,NA
"740","Quang Nam",1,NA,"16:14, 14 April 2020",1,NA
"741","Quang Ninh",6,NA,"16:14, 14 April 2020",0,NA
"742","Tay Ninh",3,NA,"16:14, 14 April 2020",2,NA
"743","Thanh Hoa",3,NA,"16:14, 14 April 2020",1,NA
"744","Thua Thien Hue",4,NA,"16:14, 14 April 2020",4,NA
"745","Tra Vinh",3,NA,"16:14, 14 April 2020",0,NA
"746","Vinh Phuc",11,NA,"16:14, 14 April 2020",11,NA
"747","25 cities and provinces",266,NA,"16:14, 14 April 2020",169,NA
"748","Bac Lieu",3,NA,"09:57, 15 April 2020",1,NA
"749","Bac Ninh",1,NA,"09:57, 15 April 2020",1,NA
"750","Ben Tre",1,NA,"09:57, 15 April 2020",1,NA
"751","Binh Thuan",9,NA,"09:57, 15 April 2020",9,NA
"752","Can Tho",2,NA,"09:57, 15 April 2020",2,NA
"753","Da Nang",6,NA,"09:57, 15 April 2020",6,NA
"754","Dong Nai",1,NA,"09:57, 15 April 2020",0,NA
"755","Dong Thap",4,NA,"09:57, 15 April 2020",4,NA
"756","Ha Nam",2,NA,"09:57, 15 April 2020",0,NA
"757","Hanoi",129,NA,"09:57, 15 April 2020",72,NA
"758","Ha Tinh",4,NA,"09:57, 15 April 2020",1,NA
"759","Hai Duong",1,NA,"09:57, 15 April 2020",1,NA
"760","Ho Chi Minh City",54,NA,"09:57, 15 April 2020",50,NA
"761","Khanh Hoa",1,NA,"09:57, 15 April 2020",1,NA
"762","Lai Chau",1,NA,"09:57, 15 April 2020",0,NA
"763","Lao Cai",2,NA,"09:57, 15 April 2020",0,NA
"764","Ninh Binh",13,NA,"09:57, 15 April 2020",1,NA
"765","Ninh Thuan",2,NA,"09:57, 15 April 2020",2,NA
"766","Quang Nam",1,NA,"09:57, 15 April 2020",1,NA
"767","Quang Ninh",6,NA,"09:57, 15 April 2020",0,NA
"768","Tay Ninh",3,NA,"09:57, 15 April 2020",2,NA
"769","Thanh Hoa",3,NA,"09:57, 15 April 2020",1,NA
"770","Thua Thien Hue",4,NA,"09:57, 15 April 2020",4,NA
"771","Tra Vinh",3,NA,"09:57, 15 April 2020",0,NA
"772","Vinh Phuc",11,NA,"09:57, 15 April 2020",11,NA
"773","25 cities and provinces",267,NA,"09:57, 15 April 2020",171,NA
"774","Bac Lieu",3,NA,"15:23, 16 April 2020",1,NA
"775","Bac Ninh",1,NA,"15:23, 16 April 2020",1,NA
"776","Ben Tre",1,NA,"15:23, 16 April 2020",1,NA
"777","Binh Thuan",9,NA,"15:23, 16 April 2020",9,NA
"778","Can Tho",2,NA,"15:23, 16 April 2020",2,NA
"779","Da Nang",6,NA,"15:23, 16 April 2020",6,NA
"780","Dong Nai",1,NA,"15:23, 16 April 2020",0,NA
"781","Dong Thap",4,NA,"15:23, 16 April 2020",4,NA
"782","Ha Giang",1,NA,"15:23, 16 April 2020",0,NA
"783","Ha Nam",3,NA,"15:23, 16 April 2020",3,NA
"784","Hanoi",133,NA,"15:23, 16 April 2020",76,NA
"785","Ha Tinh",4,NA,"15:23, 16 April 2020",1,NA
"786","Hai Duong",1,NA,"15:23, 16 April 2020",1,NA
"787","Ho Chi Minh City",54,NA,"15:23, 16 April 2020",46,NA
"788","Khanh Hoa",1,NA,"15:23, 16 April 2020",1,NA
"789","Lai Chau",1,NA,"15:23, 16 April 2020",0,NA
"790","Lao Cai",2,NA,"15:23, 16 April 2020",0,NA
"791","Ninh Binh",13,NA,"15:23, 16 April 2020",2,NA
"792","Ninh Thuan",2,NA,"15:23, 16 April 2020",2,NA
"793","Quang Nam",1,NA,"15:23, 16 April 2020",1,NA
"794","Quang Ninh",6,NA,"15:23, 16 April 2020",2,NA
"795","Tay Ninh",3,NA,"15:23, 16 April 2020",2,NA
"796","Thanh Hoa",3,NA,"15:23, 16 April 2020",1,NA
"797","Thua Thien Hue",4,NA,"15:23, 16 April 2020",4,NA
"798","Tra Vinh",3,NA,"15:23, 16 April 2020",0,NA
"799","Vinh Phuc",11,NA,"15:23, 16 April 2020",11,NA
"800","26 cities and provinces",268,NA,"15:23, 16 April 2020",177,NA
"801","Hanoi",112,NA,"22:50, 17 April 2020",75,0
"802","Ho Chi Minh City",55,NA,"22:50, 17 April 2020",47,0
"803","Vinh Phuc",19,NA,"22:50, 17 April 2020",14,0
"804","Ninh Binh",13,NA,"22:50, 17 April 2020",3,0
"805","Binh Thuan",9,NA,"22:50, 17 April 2020",9,0
"806","Quang Ninh",7,NA,"22:50, 17 April 2020",7,0
"807","Da Nang",6,NA,"22:50, 17 April 2020",6,0
"808","Ha Tinh",4,NA,"22:50, 17 April 2020",1,0
"809","Ha Nam",4,NA,"22:50, 17 April 2020",3,0
"810","Bac Giang",4,NA,"22:50, 17 April 2020",4,0
"811","Dong Thap",4,NA,"22:50, 17 April 2020",4,0
"812","Thanh Hoa",3,NA,"22:50, 17 April 2020",2,0
"813","Bac Lieu",3,NA,"22:50, 17 April 2020",1,0
"814","Tay Ninh",3,NA,"22:50, 17 April 2020",2,0
"815","Quang Nam",3,NA,"22:50, 17 April 2020",3,0
"816","Can Tho",2,NA,"22:50, 17 April 2020",2,0
"817","Lao Cai",2,NA,"22:50, 17 April 2020",2,0
"818","Ninh Thuan",2,NA,"22:50, 17 April 2020",2,0
"819","Thua Thien Hue",2,NA,"22:50, 17 April 2020",2,0
"820","Tra Vinh",2,NA,"22:50, 17 April 2020",2,0
"821","Thai Nguyen",1,NA,"22:50, 17 April 2020",0,0
"822","Hung Yen",1,NA,"22:50, 17 April 2020",0,0
"823","Dong Nai",1,NA,"22:50, 17 April 2020",0,0
"824","Ha Giang",1,NA,"22:50, 17 April 2020",0,0
"825","Hai Duong",1,NA,"22:50, 17 April 2020",1,0
"826","Lai Chau",1,NA,"22:50, 17 April 2020",1,0
"827","Khanh Hoa",1,NA,"22:50, 17 April 2020",1,0
"828","Ben Tre",1,NA,"22:50, 17 April 2020",1,0
"829","Bac Ninh",1,NA,"22:50, 17 April 2020",1,0
"830","29 cities and provinces",268,NA,"22:50, 17 April 2020",198,0
"831","Hanoi",112,NA,"17:47, 18 April 2020",81,0
"832","Ho Chi Minh City",55,NA,"17:47, 18 April 2020",54,0
"833","Vinh Phuc",19,NA,"17:47, 18 April 2020",14,0
"834","Ninh Binh",13,NA,"17:47, 18 April 2020",11,0
"835","Binh Thuan",9,NA,"17:47, 18 April 2020",9,0
"836","Quang Ninh",7,NA,"17:47, 18 April 2020",7,0
"837","Da Nang",6,NA,"17:47, 18 April 2020",6,0
"838","Ha Tinh",4,NA,"17:47, 18 April 2020",3,0
"839","Ha Nam",4,NA,"17:47, 18 April 2020",4,0
"840","Bac Giang",4,NA,"17:47, 18 April 2020",4,0
"841","Dong Thap",4,NA,"17:47, 18 April 2020",4,0
"842","Thanh Hoa",3,NA,"17:47, 18 April 2020",2,0
"843","Tay Ninh",3,NA,"17:47, 18 April 2020",3,0
"844","Bac Lieu",3,NA,"17:47, 18 April 2020",3,0
"845","Quang Nam",3,NA,"17:47, 18 April 2020",3,0
"846","Can Tho",2,NA,"17:47, 18 April 2020",2,0
"847","Lao Cai",2,NA,"17:47, 18 April 2020",2,0
"848","Ninh Thuan",2,NA,"17:47, 18 April 2020",2,0
"849","Thua Thien Hue",2,NA,"17:47, 18 April 2020",2,0
"850","Tra Vinh",2,NA,"17:47, 18 April 2020",2,0
"851","Thai Nguyen",1,NA,"17:47, 18 April 2020",0,0
"852","Hung Yen",1,NA,"17:47, 18 April 2020",0,0
"853","Dong Nai",1,NA,"17:47, 18 April 2020",0,0
"854","Ha Giang",1,NA,"17:47, 18 April 2020",0,0
"855","Hai Duong",1,NA,"17:47, 18 April 2020",1,0
"856","Lai Chau",1,NA,"17:47, 18 April 2020",1,0
"857","Khanh Hoa",1,NA,"17:47, 18 April 2020",1,0
"858","Ben Tre",1,NA,"17:47, 18 April 2020",1,0
"859","Bac Ninh",1,NA,"17:47, 18 April 2020",1,0
"860","29 cities and provinces",268,NA,"17:47, 18 April 2020",224,0
"861","Hanoi",112,NA,"15:22, 19 April 2020",81,0
"862","Ho Chi Minh City",55,NA,"15:22, 19 April 2020",54,0
"863","Vinh Phuc",19,NA,"15:22, 19 April 2020",14,0
"864","Ninh Binh",13,NA,"15:22, 19 April 2020",11,0
"865","Binh Thuan",9,NA,"15:22, 19 April 2020",9,0
"866","Quang Ninh",7,NA,"15:22, 19 April 2020",7,0
"867","Da Nang",6,NA,"15:22, 19 April 2020",6,0
"868","Ha Tinh",4,NA,"15:22, 19 April 2020",3,0
"869","Ha Nam",4,NA,"15:22, 19 April 2020",4,0
"870","Bac Giang",4,NA,"15:22, 19 April 2020",4,0
"871","Dong Thap",4,NA,"15:22, 19 April 2020",4,0
"872","Thanh Hoa",3,NA,"15:22, 19 April 2020",2,0
"873","Tay Ninh",3,NA,"15:22, 19 April 2020",3,0
"874","Bac Lieu",3,NA,"15:22, 19 April 2020",3,0
"875","Quang Nam",3,NA,"15:22, 19 April 2020",3,0
"876","Can Tho",2,NA,"15:22, 19 April 2020",2,0
"877","Lao Cai",2,NA,"15:22, 19 April 2020",2,0
"878","Ninh Thuan",2,NA,"15:22, 19 April 2020",2,0
"879","Thua Thien Hue",2,NA,"15:22, 19 April 2020",2,0
"880","Tra Vinh",2,NA,"15:22, 19 April 2020",2,0
"881","Thai Nguyen",1,NA,"15:22, 19 April 2020",0,0
"882","Hung Yen",1,NA,"15:22, 19 April 2020",0,0
"883","Dong Nai",1,NA,"15:22, 19 April 2020",0,0
"884","Ha Giang",1,NA,"15:22, 19 April 2020",0,0
"885","Hai Duong",1,NA,"15:22, 19 April 2020",1,0
"886","Lai Chau",1,NA,"15:22, 19 April 2020",1,0
"887","Khanh Hoa",1,NA,"15:22, 19 April 2020",1,0
"888","Ben Tre",1,NA,"15:22, 19 April 2020",1,0
"889","Bac Ninh",1,NA,"15:22, 19 April 2020",1,0
"890","29 cities and provinces",268,NA,"15:22, 19 April 2020",224,0
"891","Hanoi",112,NA,"18:17, 20 April 2020",81,0
"892","Ho Chi Minh City",55,NA,"18:17, 20 April 2020",54,0
"893","Vinh Phuc",19,NA,"18:17, 20 April 2020",14,0
"894","Ninh Binh",13,NA,"18:17, 20 April 2020",11,0
"895","Binh Thuan",9,NA,"18:17, 20 April 2020",9,0
"896","Quang Ninh",7,NA,"18:17, 20 April 2020",7,0
"897","Da Nang",6,NA,"18:17, 20 April 2020",6,0
"898","Ha Tinh",4,NA,"18:17, 20 April 2020",3,0
"899","Ha Nam",4,NA,"18:17, 20 April 2020",4,0
"900","Bac Giang",4,NA,"18:17, 20 April 2020",4,0
"901","Dong Thap",4,NA,"18:17, 20 April 2020",4,0
"902","Thanh Hoa",3,NA,"18:17, 20 April 2020",2,0
"903","Tay Ninh",3,NA,"18:17, 20 April 2020",3,0
"904","Bac Lieu",3,NA,"18:17, 20 April 2020",3,0
"905","Quang Nam",3,NA,"18:17, 20 April 2020",3,0
"906","Can Tho",2,NA,"18:17, 20 April 2020",2,0
"907","Lao Cai",2,NA,"18:17, 20 April 2020",2,0
"908","Ninh Thuan",2,NA,"18:17, 20 April 2020",2,0
"909","Thua Thien Hue",2,NA,"18:17, 20 April 2020",2,0
"910","Tra Vinh",2,NA,"18:17, 20 April 2020",2,0
"911","Thai Nguyen",1,NA,"18:17, 20 April 2020",0,0
"912","Hung Yen",1,NA,"18:17, 20 April 2020",0,0
"913","Dong Nai",1,NA,"18:17, 20 April 2020",0,0
"914","Ha Giang",1,NA,"18:17, 20 April 2020",0,0
"915","Hai Duong",1,NA,"18:17, 20 April 2020",1,0
"916","Lai Chau",1,NA,"18:17, 20 April 2020",1,0
"917","Khanh Hoa",1,NA,"18:17, 20 April 2020",1,0
"918","Ben Tre",1,NA,"18:17, 20 April 2020",1,0
"919","Bac Ninh",1,NA,"18:17, 20 April 2020",1,0
"920","29 cities and provinces",268,NA,"18:17, 20 April 2020",224,0
"921","Hanoi",112,NA,"08:25, 21 April 2020",81,0
"922","Ho Chi Minh City",55,NA,"08:25, 21 April 2020",54,0
"923","Vinh Phuc",19,NA,"08:25, 21 April 2020",14,0
"924","Ninh Binh",13,NA,"08:25, 21 April 2020",11,0
"925","Binh Thuan",9,NA,"08:25, 21 April 2020",9,0
"926","Quang Ninh",7,NA,"08:25, 21 April 2020",7,0
"927","Da Nang",6,NA,"08:25, 21 April 2020",6,0
"928","Ha Tinh",4,NA,"08:25, 21 April 2020",3,0
"929","Ha Nam",4,NA,"08:25, 21 April 2020",4,0
"930","Bac Giang",4,NA,"08:25, 21 April 2020",4,0
"931","Dong Thap",4,NA,"08:25, 21 April 2020",4,0
"932","Thanh Hoa",3,NA,"08:25, 21 April 2020",2,0
"933","Tay Ninh",3,NA,"08:25, 21 April 2020",3,0
"934","Bac Lieu",3,NA,"08:25, 21 April 2020",3,0
"935","Quang Nam",3,NA,"08:25, 21 April 2020",3,0
"936","Can Tho",2,NA,"08:25, 21 April 2020",2,0
"937","Lao Cai",2,NA,"08:25, 21 April 2020",2,0
"938","Ninh Thuan",2,NA,"08:25, 21 April 2020",2,0
"939","Thua Thien Hue",2,NA,"08:25, 21 April 2020",2,0
"940","Tra Vinh",2,NA,"08:25, 21 April 2020",2,0
"941","Thai Nguyen",1,NA,"08:25, 21 April 2020",0,0
"942","Hung Yen",1,NA,"08:25, 21 April 2020",0,0
"943","Dong Nai",1,NA,"08:25, 21 April 2020",0,0
"944","Ha Giang",1,NA,"08:25, 21 April 2020",0,0
"945","Hai Duong",1,NA,"08:25, 21 April 2020",1,0
"946","Lai Chau",1,NA,"08:25, 21 April 2020",1,0
"947","Khanh Hoa",1,NA,"08:25, 21 April 2020",1,0
"948","Ben Tre",1,NA,"08:25, 21 April 2020",1,0
"949","Bac Ninh",1,NA,"08:25, 21 April 2020",1,0
"950","29 cities and provinces",268,NA,"08:25, 21 April 2020",224,0
"951","Hanoi",112,NA,"11:14, 22 April 2020",81,0
"952","Ho Chi Minh City",55,NA,"11:14, 22 April 2020",54,0
"953","Vinh Phuc",19,NA,"11:14, 22 April 2020",14,0
"954","Ninh Binh",13,NA,"11:14, 22 April 2020",11,0
"955","Binh Thuan",9,NA,"11:14, 22 April 2020",9,0
"956","Quang Ninh",7,NA,"11:14, 22 April 2020",7,0
"957","Da Nang",6,NA,"11:14, 22 April 2020",6,0
"958","Ha Tinh",4,NA,"11:14, 22 April 2020",3,0
"959","Ha Nam",4,NA,"11:14, 22 April 2020",4,0
"960","Bac Giang",4,NA,"11:14, 22 April 2020",4,0
"961","Dong Thap",4,NA,"11:14, 22 April 2020",4,0
"962","Thanh Hoa",3,NA,"11:14, 22 April 2020",2,0
"963","Tay Ninh",3,NA,"11:14, 22 April 2020",3,0
"964","Bac Lieu",3,NA,"11:14, 22 April 2020",3,0
"965","Quang Nam",3,NA,"11:14, 22 April 2020",3,0
"966","Can Tho",2,NA,"11:14, 22 April 2020",2,0
"967","Lao Cai",2,NA,"11:14, 22 April 2020",2,0
"968","Ninh Thuan",2,NA,"11:14, 22 April 2020",2,0
"969","Thua Thien Hue",2,NA,"11:14, 22 April 2020",2,0
"970","Tra Vinh",2,NA,"11:14, 22 April 2020",2,0
"971","Thai Nguyen",1,NA,"11:14, 22 April 2020",0,0
"972","Hung Yen",1,NA,"11:14, 22 April 2020",0,0
"973","Dong Nai",1,NA,"11:14, 22 April 2020",0,0
"974","Ha Giang",1,NA,"11:14, 22 April 2020",0,0
"975","Hai Duong",1,NA,"11:14, 22 April 2020",1,0
"976","Lai Chau",1,NA,"11:14, 22 April 2020",1,0
"977","Khanh Hoa",1,NA,"11:14, 22 April 2020",1,0
"978","Ben Tre",1,NA,"11:14, 22 April 2020",1,0
"979","Bac Ninh",1,NA,"11:14, 22 April 2020",1,0
"980","29 cities and provinces",268,NA,"11:14, 22 April 2020",224,0
"981","Hanoi",112,NA,"11:59, 23 April 2020",81,0
"982","Ho Chi Minh City",55,NA,"11:59, 23 April 2020",54,0
"983","Vinh Phuc",19,NA,"11:59, 23 April 2020",14,0
"984","Ninh Binh",13,NA,"11:59, 23 April 2020",11,0
"985","Binh Thuan",9,NA,"11:59, 23 April 2020",9,0
"986","Quang Ninh",7,NA,"11:59, 23 April 2020",7,0
"987","Da Nang",6,NA,"11:59, 23 April 2020",6,0
"988","Ha Tinh",4,NA,"11:59, 23 April 2020",3,0
"989","Ha Nam",4,NA,"11:59, 23 April 2020",4,0
"990","Bac Giang",4,NA,"11:59, 23 April 2020",4,0
"991","Dong Thap",4,NA,"11:59, 23 April 2020",4,0
"992","Thanh Hoa",3,NA,"11:59, 23 April 2020",2,0
"993","Tay Ninh",3,NA,"11:59, 23 April 2020",3,0
"994","Bac Lieu",3,NA,"11:59, 23 April 2020",3,0
"995","Quang Nam",3,NA,"11:59, 23 April 2020",3,0
"996","Can Tho",2,NA,"11:59, 23 April 2020",2,0
"997","Lao Cai",2,NA,"11:59, 23 April 2020",2,0
"998","Ninh Thuan",2,NA,"11:59, 23 April 2020",2,0
"999","Thua Thien Hue",2,NA,"11:59, 23 April 2020",2,0
"1000","Tra Vinh",2,NA,"11:59, 23 April 2020",2,0
"1001","Thai Nguyen",1,NA,"11:59, 23 April 2020",0,0
"1002","Hung Yen",1,NA,"11:59, 23 April 2020",0,0
"1003","Dong Nai",1,NA,"11:59, 23 April 2020",0,0
"1004","Ha Giang",1,NA,"11:59, 23 April 2020",0,0
"1005","Hai Duong",1,NA,"11:59, 23 April 2020",1,0
"1006","Lai Chau",1,NA,"11:59, 23 April 2020",1,0
"1007","Khanh Hoa",1,NA,"11:59, 23 April 2020",1,0
"1008","Ben Tre",1,NA,"11:59, 23 April 2020",1,0
"1009","Bac Ninh",1,NA,"11:59, 23 April 2020",1,0
"1010","29 cities and provinces",268,NA,"11:59, 23 April 2020",224,0
"1011","Hanoi",112,NA,"09:29, 24 April 2020",81,0
"1012","Ho Chi Minh City",55,NA,"09:29, 24 April 2020",54,0
"1013","Vinh Phuc",19,NA,"09:29, 24 April 2020",14,0
"1014","Ninh Binh",13,NA,"09:29, 24 April 2020",11,0
"1015","Binh Thuan",9,NA,"09:29, 24 April 2020",9,0
"1016","Quang Ninh",7,NA,"09:29, 24 April 2020",7,0
"1017","Da Nang",6,NA,"09:29, 24 April 2020",6,0
"1018","Ha Tinh",4,NA,"09:29, 24 April 2020",3,0
"1019","Ha Nam",4,NA,"09:29, 24 April 2020",4,0
"1020","Bac Giang",4,NA,"09:29, 24 April 2020",4,0
"1021","Dong Thap",4,NA,"09:29, 24 April 2020",4,0
"1022","Thanh Hoa",3,NA,"09:29, 24 April 2020",2,0
"1023","Tay Ninh",3,NA,"09:29, 24 April 2020",3,0
"1024","Bac Lieu",3,NA,"09:29, 24 April 2020",3,0
"1025","Quang Nam",3,NA,"09:29, 24 April 2020",3,0
"1026","Can Tho",2,NA,"09:29, 24 April 2020",2,0
"1027","Lao Cai",2,NA,"09:29, 24 April 2020",2,0
"1028","Ninh Thuan",2,NA,"09:29, 24 April 2020",2,0
"1029","Thua Thien Hue",2,NA,"09:29, 24 April 2020",2,0
"1030","Tra Vinh",2,NA,"09:29, 24 April 2020",2,0
"1031","Thai Nguyen",1,NA,"09:29, 24 April 2020",0,0
"1032","Hung Yen",1,NA,"09:29, 24 April 2020",0,0
"1033","Dong Nai",1,NA,"09:29, 24 April 2020",0,0
"1034","Ha Giang",1,NA,"09:29, 24 April 2020",0,0
"1035","Hai Duong",1,NA,"09:29, 24 April 2020",1,0
"1036","Lai Chau",1,NA,"09:29, 24 April 2020",1,0
"1037","Khanh Hoa",1,NA,"09:29, 24 April 2020",1,0
"1038","Ben Tre",1,NA,"09:29, 24 April 2020",1,0
"1039","Bac Ninh",1,NA,"09:29, 24 April 2020",1,0
"1040","29 cities and provinces",268,NA,"09:29, 24 April 2020",224,0
